Rk,Name,Age,Tm,Lg,G,PA,AB,R,H,2B,3B,HR,RBI,SB,CS,BB,SO,BA,OBP,SLG,OPS,OPS+,TB,GDP,HBP,SH,SF,IBB,Pos Summary
1,José Abreu\abreujo02,34,CHW,AL,16,71,60,6,12,2,0,2,11,1,0,10,22,.200,.310,.333,.643,86,20,3,0,0,1,0,*3
2,Ronald Acuna Jr.\acunaro01,23,ATL,NL,16,72,62,21,26,6,1,7,16,3,0,9,10,.419,.486,.887,1.373,253,55,0,0,0,1,0,*9
3,Jason Adam\adamja01,29,CHC,NL,6,0,0,0,0,0,0,0,0,0,0,0,0,,,,,,0,0,0,0,0,0,/1
4,Willy Adames\adamewi01,25,TBR,AL,16,52,50,4,9,3,0,2,4,0,1,2,18,.180,.212,.360,.572,67,18,0,0,0,0,0,*6/H
5,Austin Adams\adamsau02,30,SDP,NL,4,0,0,0,0,0,0,0,0,0,0,0,0,,,,,,0,0,0,0,0,0,/1
6,Ehire Adrianza#\adriaeh01,31,ATL,NL,11,24,21,6,7,1,1,2,6,0,0,1,1,.333,.333,.762,1.095,178,16,1,0,0,2,0,/H459
7,Jesus Aguilar\aguilje01,31,MIA,NL,14,56,47,4,15,3,0,0,8,0,0,8,5,.319,.411,.383,.794,122,18,0,0,0,1,0,*3/H
8,Nick Ahmed\ahmedni01,31,ARI,NL,8,31,29,2,3,0,0,0,2,1,0,2,7,.103,.161,.103,.265,-25,3,0,0,0,0,0,/6H
9,Hanser Alberto\alberha01,28,KCR,AL,11,30,30,4,7,4,0,0,3,0,1,0,5,.233,.233,.367,.600,67,11,0,0,0,0,0,*5/4H6
10,Ozzie Albies#\albieoz01,24,ATL,NL,14,61,51,7,8,4,0,2,8,0,0,6,10,.157,.262,.353,.615,61,18,0,2,0,2,0,*4
11,Jorge Alcala\alcaljo01,25,MIN,AL,1,0,0,0,0,0,0,0,0,0,0,0,0,,,,,,0,0,0,0,0,0,/1
12,Sandy Alcantara\alcansa01,25,MIA,NL,4,8,8,0,0,0,0,0,0,0,0,0,7,.000,.000,.000,.000,-100,0,0,0,0,0,0,/1
13,Scott Alexander*\alexasc02,31,LAD,NL,5,0,0,0,0,0,0,0,0,0,0,0,0,,,,,,0,0,0,0,0,0,/1
14,Jorge Alfaro\alfarjo01,28,MIA,NL,9,34,33,1,7,1,0,0,3,1,0,1,12,.212,.235,.242,.478,33,8,0,0,0,0,0,/2H
15,Anthony Alford\alforan01,26,PIT,NL,11,29,24,2,2,0,0,0,0,1,1,4,16,.083,.241,.083,.325,-5,2,1,1,0,0,0,/8H9
16,Logan Allen\allenlo01,24,CLE,AL,1,1,1,0,0,0,0,0,0,0,0,0,1,.000,.000,.000,.000,-100,0,0,0,0,0,0,/1
17,Yency Almonte#\almonye01,27,COL,NL,7,0,0,0,0,0,0,0,0,0,0,0,0,,,,,,0,0,0,0,0,0,/1
18,Albert Almora\almoral01,27,NYM,NL,5,2,2,1,0,0,0,0,0,0,0,0,1,.000,.000,.000,.000,-100,0,0,0,0,0,0,/8H
19,Pete Alonso\alonspe01,26,NYM,NL,11,45,40,5,10,2,0,2,7,0,0,4,15,.250,.311,.450,.761,111,18,1,0,0,1,0,*3
20,Dan Altavilla\altavda01,28,SDP,NL,2,0,0,0,0,0,0,0,0,0,0,0,0,,,,,,0,0,0,0,0,0,/1
21,Jose Altuve\altuvjo01,31,HOU,AL,11,50,44,11,14,3,0,1,5,0,0,5,6,.318,.380,.455,.835,138,20,1,0,0,1,0,*4
22,Jose Alvarado*\alvarjo03,26,PHI,NL,6,0,0,0,0,0,0,0,0,0,0,0,0,,,,,,0,0,0,0,0,0,/1
23,Jose Alvarez*\alvarjo02,32,SFG,NL,4,0,0,0,0,0,0,0,0,0,0,0,0,,,,,,0,0,0,0,0,0,/1
24,Yordan Álvarez*\alvaryo01,24,HOU,AL,11,49,46,7,13,4,0,2,8,0,0,1,12,.283,.306,.500,.806,126,23,1,1,0,1,0,*D
25,Adbert Alzolay\alzolad01,26,CHC,NL,2,3,3,0,0,0,0,0,0,0,0,0,1,.000,.000,.000,.000,-100,0,0,0,0,0,0,/1
26,Brett Anderson*\anderbr04,33,MIL,NL,3,7,6,0,0,0,0,0,1,0,0,1,3,.000,.143,.000,.143,-56,0,1,0,0,0,0,/1
27,Brian Anderson\anderbr06,28,MIA,NL,15,60,55,3,10,3,0,1,4,0,0,5,13,.182,.250,.291,.541,49,16,1,0,0,0,0,*5
28,Chase Anderson\anderch01,33,PHI,NL,2,2,2,0,0,0,0,0,0,0,0,0,1,.000,.000,.000,.000,-100,0,0,0,0,0,0,/1
29,Ian Anderson\anderia01,23,ATL,NL,3,4,3,0,1,1,0,0,0,0,0,0,1,.333,.333,.667,1.000,156,2,0,0,1,0,0,/1
30,Tim Anderson\anderti01,28,CHW,AL,7,29,29,6,9,0,0,2,2,1,0,0,7,.310,.310,.517,.828,134,15,0,0,0,0,0,/6
31,Tyler Anderson*\anderty01,31,PIT,NL,3,6,6,0,0,0,0,0,0,0,0,0,5,.000,.000,.000,.000,-100,0,0,0,0,0,0,/1
32,Matt Andriese\andrima01,31,BOS,AL,1,0,0,0,0,0,0,0,0,0,0,0,0,,,,,,0,0,0,0,0,0,/1
33,Elvis Andrus\andruel01,32,OAK,AL,16,60,55,2,7,3,0,0,3,0,0,3,12,.127,.167,.182,.348,4,10,2,0,0,2,1,*6
34,Tejay Antone\antonte01,27,CIN,NL,4,3,1,1,0,0,0,0,0,0,0,1,1,.000,.500,.000,.500,48,0,0,0,1,0,0,/1
35,Aristides Aquino\aquinar01,27,CIN,NL,10,14,13,2,3,1,0,2,3,0,0,1,5,.231,.286,.769,1.055,165,10,0,0,0,0,1,/H978
36,Chris Archer\archech01,32,TBR,AL,1,0,0,0,0,0,0,0,0,0,0,0,0,,,,,,0,0,0,0,0,0,/1
37,Orlando Arcia\arciaor01,26,MIL,NL,4,11,11,0,1,0,0,0,1,0,0,0,3,.091,.091,.091,.182,-50,1,0,0,0,0,0,/56
38,Nolan Arenado\arenano01,30,STL,NL,15,64,59,9,16,3,0,4,10,0,0,5,13,.271,.328,.525,.854,137,31,2,0,0,0,1,*5
39,Randy Arozarena\arozara01,26,TBR,AL,14,63,57,8,14,2,0,2,6,1,0,4,19,.246,.317,.386,.703,109,22,3,2,0,0,0,*9/78
40,Luis Arraez*\arraelu01,24,MIN,AL,13,55,46,7,14,1,0,1,8,0,0,8,6,.304,.400,.391,.791,135,18,0,0,0,1,0,*5/47
41,Jake Arrieta\arrieja01,35,CHC,NL,3,6,6,0,0,0,0,0,0,0,0,0,6,.000,.000,.000,.000,-100,0,0,0,0,0,0,/1
42,Christian Arroyo\arroych01,26,BOS,AL,12,40,38,5,12,6,0,0,3,1,0,1,8,.316,.350,.474,.824,132,18,0,1,0,0,0,*4/H6
43,Willians Astudillo\astudwi01,29,MIN,AL,9,24,23,1,7,2,0,0,4,0,0,0,1,.304,.292,.391,.683,99,9,0,0,0,1,0,/53H421
44,Alex Avila*\avilaal01,34,WSN,NL,2,7,6,0,0,0,0,0,0,0,0,1,2,.000,.143,.000,.143,-56,0,0,0,0,0,0,/2
45,Luis Avilan*\avilalu01,31,WSN,NL,4,0,0,0,0,0,0,0,0,0,0,0,0,,,,,,0,0,0,0,0,0,/1
46,Akil Baddoo*\baddoak01,22,DET,AL,12,40,38,5,10,2,1,4,11,1,0,1,16,.263,.275,.684,.959,165,26,0,0,0,1,0,*/987H
47,Javier Baez\baezja01,28,CHC,NL,15,60,56,6,12,2,0,4,12,5,0,1,27,.214,.267,.464,.731,100,26,0,3,0,0,0,*6
48,Caleb Baragar\baragca01,27,SFG,NL,5,0,0,0,0,0,0,0,0,0,0,0,0,,,,,,0,0,0,0,0,0,/1
49,Daniel Bard\bardda01,36,COL,NL,7,0,0,0,0,0,0,0,0,0,0,0,0,,,,,,0,0,0,0,0,0,/1
50,Austin Barnes\barneau01,31,LAD,NL,8,28,25,0,6,1,0,0,3,0,0,3,7,.240,.321,.280,.601,71,7,1,0,0,0,0,/2DH
51,Jacob Barnes\barneja01,31,NYM,NL,2,0,0,0,0,0,0,0,0,0,0,0,0,,,,,,0,0,0,0,0,0,/1
52,Tucker Barnhart*\barnhtu01,30,CIN,NL,10,37,34,7,13,4,0,2,8,0,0,2,13,.382,.432,.676,1.109,187,23,1,1,0,0,0,*2
53,Tres Barrera\barretr01,26,WSN,NL,1,2,2,0,0,0,0,0,0,0,0,0,1,.000,.000,.000,.000,-100,0,0,0,0,0,0,/2
54,Anthony Bass\bassan01,33,MIA,NL,7,0,0,0,0,0,0,0,0,0,0,0,0,,,,,,0,0,0,0,0,0,/1
55,Chris Bassitt\bassich01,32,OAK,AL,1,2,2,0,0,0,0,0,0,0,0,0,2,.000,.000,.000,.000,-100,0,0,0,0,0,0,/1
56,Trevor Bauer\bauertr01,30,LAD,NL,3,9,6,0,0,0,0,0,1,0,0,0,3,.000,.000,.000,.000,-100,0,0,0,3,0,0,/1
57,Jake Bauers*\bauerja01,25,CLE,AL,12,27,25,0,4,1,0,0,1,0,0,2,9,.160,.222,.200,.422,22,5,0,0,0,0,1,*3/H
58,Matt Beaty*\beatyma01,28,LAD,NL,10,13,11,0,1,0,0,0,0,0,0,2,6,.091,.231,.091,.322,-5,1,0,0,0,0,0,/H3D79
59,David Bednar*\bednada01,26,PIT,NL,8,0,0,0,0,0,0,0,0,0,0,0,0,,,,,,0,0,0,0,0,0,/1
60,Cam Bedrosian\bedroca01,29,CIN,NL,6,0,0,0,0,0,0,0,0,0,0,0,0,,,,,,0,0,0,0,0,0,/1
61,Josh Bell#\belljo02,28,WSN,NL,6,24,20,4,2,1,0,0,2,0,0,3,7,.100,.208,.150,.358,2,3,1,0,0,1,0,/3H
62,Cody Bellinger*\bellico01,25,LAD,NL,4,21,19,2,4,1,1,0,2,0,0,2,5,.211,.286,.368,.654,82,7,0,0,0,0,0,/8
63,Brandon Belt*\beltbr01,33,SFG,NL,15,40,34,4,7,2,0,2,4,1,1,6,11,.206,.325,.441,.766,115,15,0,0,0,0,0,*3/H
64,Anthony Bemboom*\bemboan01,31,LAA,AL,1,4,4,0,1,0,0,0,0,0,0,0,3,.250,.250,.250,.500,43,1,0,0,0,0,0,/2
65,Andrew Benintendi*\beninan01,26,KCR,AL,13,56,51,6,11,3,0,0,4,3,2,5,16,.216,.286,.275,.560,61,14,2,0,0,0,0,*7
66,Jose Berrios\berrijo01,27,MIN,AL,1,2,2,0,0,0,0,0,0,0,0,0,2,.000,.000,.000,.000,-100,0,0,0,0,0,0,/1
67,Jon Berti\bertijo01,31,MIA,NL,13,31,27,5,5,3,0,0,5,0,1,4,9,.185,.290,.296,.587,63,8,0,0,0,0,0,/4H57
68,Dellin Betances\betande01,33,NYM,NL,1,0,0,0,0,0,0,0,0,0,0,0,0,,,,,,0,0,0,0,0,0,/1
69,Mookie Betts\bettsmo01,28,LAD,NL,11,53,44,10,12,3,0,2,2,2,1,8,5,.273,.396,.477,.873,144,21,0,1,0,0,0,*/98
70,Bo Bichette\bichebo01,23,TOR,AL,16,69,64,12,17,4,0,4,10,3,0,3,17,.266,.304,.516,.820,131,33,3,1,0,1,0,*6/D
71,Jesse Biddle*\biddlje01,29,ATL,NL,1,0,0,0,0,0,0,0,0,0,0,0,0,,,,,,0,0,0,0,0,0,/1
72,Shane Bieber\biebesh01,26,CLE,AL,1,3,3,0,0,0,0,0,0,0,0,0,1,.000,.000,.000,.000,-100,0,0,0,0,0,0,/1
73,Cavan Biggio*\biggica01,26,TOR,AL,13,49,41,5,7,0,1,2,2,0,0,6,16,.171,.292,.366,.658,88,15,2,1,0,0,0,*5/H9
74,Braden Bishop\bishobr01,27,SEA,AL,7,5,4,1,1,0,0,0,0,0,0,0,2,.250,.250,.250,.500,49,1,0,0,1,0,0,/7H
75,Charlie Blackmon*\blackch02,34,COL,NL,14,53,47,4,9,4,0,1,7,0,0,5,7,.191,.283,.340,.623,62,16,0,1,0,0,1,*9
76,Alex Blandino\blandal01,28,CIN,NL,9,10,9,1,3,1,0,0,3,0,0,0,4,.333,.400,.444,.844,123,4,0,1,0,0,0,/H357
77,Richard Bleier*\bleieri01,34,MIA,NL,8,0,0,0,0,0,0,0,0,0,0,0,0,,,,,,0,0,0,0,0,0,/1
78,Xander Bogaerts\bogaexa01,28,BOS,AL,15,62,57,6,22,6,0,0,4,1,0,5,12,.386,.435,.491,.927,164,28,1,0,0,0,1,*6
79,Alec Bohm\bohmal01,24,PHI,NL,15,60,54,6,12,2,0,1,8,2,0,3,18,.222,.250,.315,.565,56,17,2,0,0,3,0,*5
80,David Bote\boteda01,28,CHC,NL,15,42,35,2,6,2,0,2,6,0,1,5,8,.171,.286,.400,.686,90,14,2,1,0,1,0,*4/H5
81,Ben Bowden*\bowdebe01,26,COL,NL,5,0,0,0,0,0,0,0,0,0,0,0,0,,,,,,0,0,0,0,0,0,/1
82,Brad Boxberger\boxbebr01,33,MIL,NL,5,0,0,0,0,0,0,0,0,0,0,0,0,,,,,,0,0,0,0,0,0,/1
83,Archie Bradley\bradlar01,28,PHI,NL,4,0,0,0,0,0,0,0,0,0,0,0,0,,,,,,0,0,0,0,0,0,/1
84,Jackie Bradley Jr.*\bradlja02,31,MIL,NL,14,55,52,8,12,2,2,1,2,1,0,0,18,.231,.273,.404,.677,83,21,0,3,0,0,0,*/879H
85,Michael Brantley*\brantmi02,34,HOU,AL,12,48,46,7,13,5,1,2,4,0,0,1,7,.283,.313,.565,.878,145,26,0,1,0,0,0,*7/D
86,Alex Bregman\bregmal01,27,HOU,AL,9,38,35,4,10,1,0,2,6,0,0,3,7,.286,.342,.486,.828,134,17,1,0,0,0,1,/5
87,Lewis Brinson\brinsle01,27,MIA,NL,4,8,8,0,0,0,0,0,0,0,0,0,3,.000,.000,.000,.000,-100,0,0,0,0,0,0,/H7
88,Connor Brogdon\brogdco01,26,PHI,NL,6,0,0,0,0,0,0,0,0,0,0,0,0,,,,,,0,0,0,0,0,0,/1
89,Mike Brosseau\brossmi01,27,TBR,AL,10,34,32,6,8,3,0,1,4,0,0,2,8,.250,.294,.438,.732,115,14,1,0,0,0,0,/4537H9
90,Rex Brothers*\brothre01,33,CHC,NL,6,0,0,0,0,0,0,0,0,0,0,0,0,,,,,,0,0,0,0,0,0,/1
91,Seth Brown*\brownse01,28,OAK,AL,8,27,24,2,4,0,0,2,2,0,0,3,7,.167,.259,.417,.676,98,10,0,0,0,0,0,/93D7
92,JT Brubaker\brubajt01,27,PIT,NL,3,6,6,0,2,0,0,0,3,0,0,0,2,.333,.333,.333,.667,86,2,0,0,0,0,0,/1
93,Jay Bruce*\bruceja01,34,NYY,AL,10,39,34,3,4,1,0,1,3,0,0,5,13,.118,.231,.235,.466,38,8,2,0,0,0,0,*3
94,Kris Bryant\bryankr01,29,CHC,NL,14,58,49,11,13,4,0,5,10,0,0,7,13,.265,.362,.653,1.015,177,32,2,1,0,1,0,*5/379
95,Walker Buehler\buehlwa01,26,LAD,NL,3,7,6,0,0,0,0,0,0,0,0,0,4,.000,.000,.000,.000,-100,0,0,0,1,0,0,/1
96,Madison Bumgarner\bumgama01,31,ARI,NL,5,8,7,1,1,1,0,0,0,0,0,1,5,.143,.250,.286,.536,47,2,0,0,0,0,0,/1H
97,Corbin Burnes\burneco01,26,MIL,NL,3,8,8,0,2,0,0,0,2,0,0,0,4,.250,.250,.250,.500,38,2,0,0,0,0,0,/1
98,Byron Buxton\buxtoby01,27,MIN,AL,9,36,32,8,15,5,0,5,9,1,0,2,6,.469,.528,1.094,1.622,362,35,0,2,0,0,0,/8
99,Asdrubal Cabrera#\cabreas01,35,ARI,NL,14,58,48,7,10,3,0,2,9,0,0,9,6,.208,.328,.396,.723,98,19,0,0,0,1,0,*5/3H
100,Genesis Cabrera*\cabrege01,24,STL,NL,7,0,0,0,0,0,0,0,0,0,0,0,0,,,,,,0,0,0,0,0,0,/1
101,Miguel Cabrera\cabremi01,38,DET,AL,7,27,24,2,3,1,0,1,3,0,0,3,4,.125,.222,.292,.514,47,7,2,0,0,0,0,/3D
102,Trevor Cahill\cahiltr01,33,PIT,NL,3,3,3,0,0,0,0,0,0,0,0,0,1,.000,.000,.000,.000,-100,0,0,0,0,0,0,/1
103,Lorenzo Cain\cainlo01,35,MIL,NL,7,28,26,5,4,1,0,2,4,1,0,2,5,.154,.214,.423,.637,69,11,0,0,0,0,0,/8
104,Kole Calhoun*\calhoko01,33,ARI,NL,7,29,27,3,7,1,0,1,4,0,0,2,8,.259,.310,.407,.718,95,11,1,0,0,0,0,/9H
105,Willie Calhoun*\calhowi01,26,TEX,AL,2,6,5,0,3,0,0,0,0,0,0,1,0,.600,.667,.600,1.267,266,3,0,0,0,0,0,/D7H
106,Johan Camargo#\camarjo01,27,ATL,NL,6,8,7,0,0,0,0,0,0,0,0,1,4,.000,.125,.000,.125,-63,0,0,0,0,0,0,/H4
107,Paul Campbell*\campbpa02,25,MIA,NL,2,1,1,0,0,0,0,0,0,0,0,0,1,.000,.000,.000,.000,-100,0,0,0,0,0,0,/1
108,Luis Campusano\campulu01,22,SDP,NL,7,29,26,0,3,0,0,0,1,0,0,3,7,.115,.207,.115,.322,-4,3,2,0,0,0,0,/2
109,Jeimer Candelario#\candeje01,27,DET,AL,16,69,61,9,18,4,0,1,7,0,0,8,13,.295,.377,.410,.787,127,25,1,0,0,0,0,*5
110,Mark Canha\canhama01,32,OAK,AL,16,74,59,18,16,2,1,3,5,2,1,12,17,.271,.419,.492,.910,171,29,0,3,0,0,0,*7/89D
111,Victor Caratini#\caratvi01,27,SDP,NL,13,39,34,1,6,1,0,1,8,0,0,4,12,.176,.256,.294,.551,57,10,1,0,0,1,0,*2/H
112,Dylan Carlson#\carlsdy01,22,STL,NL,15,56,47,9,12,3,0,3,10,0,0,7,15,.255,.357,.511,.868,142,24,1,1,0,1,0,*8/9H
113,Matt Carpenter*\carpema01,35,STL,NL,15,35,29,4,2,0,0,1,3,0,0,4,12,.069,.200,.172,.372,7,5,0,1,0,1,1,/4H3
114,Curt Casali\casalcu01,32,SFG,NL,7,20,17,0,1,0,0,0,1,0,0,3,6,.059,.200,.059,.259,-21,1,1,0,0,0,0,/2H
115,Daniel Castano*\castada01,26,MIA,NL,1,1,1,0,0,0,0,0,0,0,0,0,0,.000,.000,.000,.000,-100,0,0,0,0,0,0,/1
116,Nicholas Castellanos\casteni01,29,CIN,NL,15,64,61,12,18,3,1,5,10,0,0,2,11,.295,.328,.623,.951,143,38,0,1,0,0,0,*9
117,Diego Castillo\castidi01,27,TBR,AL,2,0,0,0,0,0,0,0,0,0,0,0,0,,,,,,0,0,0,0,0,0,/1
118,Luis Castillo\castilu02,28,CIN,NL,3,6,4,0,0,0,0,0,0,0,0,1,2,.000,.200,.000,.200,-41,0,0,0,1,0,0,/1
119,Harold Castro*\castrha01,27,DET,AL,10,16,14,1,4,0,0,0,2,0,0,2,5,.286,.375,.286,.661,94,4,0,0,0,0,0,/3H4D1
120,Jason Castro*\castrja01,34,HOU,AL,7,26,21,3,3,0,0,2,4,0,0,4,7,.143,.308,.429,.736,109,9,1,1,0,0,0,/2
121,Miguel Castro\castrmi01,26,NYM,NL,4,0,0,0,0,0,0,0,0,0,0,0,0,,,,,,0,0,0,0,0,0,/1
122,Starlin Castro\castrst01,31,WSN,NL,13,52,50,2,15,3,0,1,9,0,0,1,9,.300,.308,.420,.728,100,21,1,0,0,1,0,*5
123,Willi Castro#\castrwi01,24,DET,AL,15,64,61,4,13,1,2,0,3,0,0,3,16,.213,.250,.295,.545,57,18,1,0,0,0,0,*6
124,Jake Cave*\caveja01,28,MIN,AL,14,49,43,4,6,1,0,0,0,1,0,4,17,.140,.229,.163,.392,18,7,0,1,1,0,0,*/879DH
125,Jhoulys Chacin\chacijh01,33,COL,NL,3,1,1,0,0,0,0,0,0,0,0,0,1,.000,.000,.000,.000,-100,0,0,0,0,0,0,/1
126,Andrew Chafin\chafian01,31,CHC,NL,7,0,0,0,0,0,0,0,0,0,0,0,0,,,,,,0,0,0,0,0,0,/1
127,Yu Chang\changyu01,25,CLE,AL,12,28,26,5,6,2,0,0,2,0,0,2,6,.231,.286,.308,.593,69,8,0,0,0,0,0,*3/H5
128,Matt Chapman\chapmma01,28,OAK,AL,16,67,59,6,11,1,2,3,10,0,0,6,24,.186,.269,.424,.692,103,25,2,1,0,1,0,*5
129,Michael Chavis\chavimi01,25,BOS,AL,1,0,0,1,0,0,0,0,0,0,0,0,0,,,,,,0,0,0,0,0,0,/H
130,Jazz Chisholm*\chishja01,23,MIA,NL,13,51,40,8,13,3,1,3,6,3,0,9,13,.325,.451,.675,1.126,206,27,0,1,0,1,0,*4/6
131,Adam Cimber\cimbead01,30,MIA,NL,7,0,0,0,0,0,0,0,0,0,0,0,0,,,,,,0,0,0,0,0,0,/1
132,Steve Cishek\cishest01,35,LAA,AL,1,0,0,0,0,0,0,0,0,0,0,0,0,,,,,,0,0,0,0,0,0,/1
133,Taylor Clarke\clarkta01,28,ARI,NL,7,1,1,0,0,0,0,0,0,0,0,0,1,.000,.000,.000,.000,-100,0,0,0,0,0,0,/1
134,Emmanuel Clase\claseem01,23,CLE,AL,2,0,0,0,0,0,0,0,0,0,0,0,0,,,,,,0,0,0,0,0,0,/1
135,Sam Clay*\claysa01,28,WSN,NL,6,0,0,0,0,0,0,0,0,0,0,0,0,,,,,,0,0,0,0,0,0,/1
136,Zack Collins*\colliza01,26,CHW,AL,8,33,30,2,4,1,0,1,5,0,0,3,10,.133,.212,.267,.479,38,8,0,0,0,0,0,/2D
137,Alex Colome\colomal01,32,MIN,AL,2,0,0,0,0,0,0,0,0,0,0,0,0,,,,,,0,0,0,0,0,0,/1
138,Michael Conforto*\confomi01,28,NYM,NL,10,42,35,2,7,2,0,0,3,0,0,3,10,.200,.333,.257,.590,70,9,1,4,0,0,0,*9
139,Willson Contreras\contrwi01,29,CHC,NL,14,55,44,9,12,0,0,5,8,1,1,5,14,.273,.400,.614,1.014,179,27,3,5,0,1,0,*2/H
140,Sam Coonrod\coonrsa01,28,PHI,NL,5,0,0,0,0,0,0,0,0,0,0,0,0,,,,,,0,0,0,0,0,0,/1
141,Garrett Cooper\coopega03,30,MIA,NL,14,49,43,4,9,2,0,1,7,0,0,4,17,.209,.306,.326,.632,75,14,0,2,0,0,0,/93H
142,Patrick Corbin*\corbipa01,31,WSN,NL,2,3,3,0,2,0,0,0,0,0,0,0,1,.667,.667,.667,1.333,273,2,0,0,0,0,0,/1
143,Franchy Cordero*\cordefr02,26,BOS,AL,13,36,33,4,8,2,0,0,4,0,0,3,15,.242,.306,.303,.609,74,10,0,0,0,0,0,*7/HD
144,Carlos Correa\correca01,26,HOU,AL,15,64,59,6,16,3,0,3,6,0,0,4,11,.271,.328,.475,.803,127,28,3,1,0,0,0,*6
145,Brandon Crawford*\crawfbr01,34,SFG,NL,15,52,48,6,9,2,0,3,9,2,0,4,11,.188,.250,.417,.667,85,20,3,0,0,0,1,*6
146,J.P. Crawford*\crawfjp01,26,SEA,AL,16,56,53,8,14,1,0,0,3,1,0,3,9,.264,.304,.283,.587,76,15,3,0,0,0,0,*6
147,Stefan Crichton\crichst01,29,ARI,NL,8,0,0,0,0,0,0,0,0,0,0,0,0,,,,,,0,0,0,0,0,0,/1
148,Kyle Crick*\crickky01,28,PIT,NL,6,0,0,0,0,0,0,0,0,0,0,0,0,,,,,,0,0,0,0,0,0,/1
149,Nabil Crismatt\crismna01,26,SDP,NL,3,2,2,0,0,0,0,0,0,0,0,0,1,.000,.000,.000,.000,-100,0,0,0,0,0,0,/1
150,C.J. Cron\croncj01,31,COL,NL,14,52,44,7,8,3,0,0,3,0,0,7,16,.182,.308,.250,.558,49,11,0,1,0,0,0,*3
151,Jake Cronenworth*\croneja01,27,SDP,NL,17,77,67,10,21,5,1,1,4,1,1,7,7,.313,.382,.463,.844,140,31,4,1,0,1,1,*4/631
152,Wil Crowe\crowewi01,26,PIT,NL,1,0,0,0,0,0,0,0,0,0,0,0,0,,,,,,0,0,0,0,0,0,/1
153,Nelson Cruz\cruzne02,40,MIN,AL,13,47,41,9,16,2,0,4,10,0,0,3,9,.390,.426,.732,1.157,233,30,1,1,0,2,0,*D/H
154,Johnny Cueto\cuetojo01,35,SFG,NL,2,5,4,0,0,0,0,0,0,0,0,0,2,.000,.000,.000,.000,-100,0,0,0,1,0,0,/1
155,Charlie Culberson\culbech01,32,TEX,AL,10,34,31,2,8,2,0,2,5,1,0,1,9,.258,.281,.516,.797,122,16,0,0,2,0,0,/54H6
156,John Curtiss\curtijo02,28,MIA,NL,7,1,1,0,0,0,0,0,0,0,0,0,0,.000,.000,.000,.000,-100,0,0,0,0,0,0,/1
157,Travis d'Arnaud\darnatr01,32,ATL,NL,15,56,53,4,12,3,0,2,9,0,0,2,16,.226,.250,.396,.646,68,21,2,0,0,1,0,*2/H
158,David Dahl*\dahlda01,27,TEX,AL,14,58,55,8,12,3,0,1,5,0,0,1,16,.218,.228,.327,.555,56,18,0,0,1,1,0,/7DH
159,Bobby Dalbec\dalbebo01,26,BOS,AL,12,41,38,1,9,4,0,0,3,0,0,3,15,.237,.293,.342,.635,80,13,0,0,0,0,0,*3/H
160,Yu Darvish\darviyu01,34,SDP,NL,4,9,9,0,0,0,0,0,0,0,0,0,5,.000,.000,.000,.000,-100,0,0,0,0,0,0,/1
161,Zach Davies\davieza02,28,CHC,NL,3,4,3,0,0,0,0,0,0,0,0,0,3,.000,.000,.000,.000,-100,0,0,0,1,0,0,/1
162,J.D. Davis\davisjd01,28,NYM,NL,4,12,10,1,3,0,0,0,1,0,0,1,5,.300,.417,.300,.717,107,3,1,1,0,0,0,/5
163,Jonathan Davis\davisjo05,29,TOR,AL,11,22,20,4,2,0,0,1,1,1,1,2,7,.100,.182,.250,.432,23,5,0,0,0,0,0,/8HD
164,Ronnie Dawson*\dawsoro01,26,HOU,AL,3,6,5,2,1,0,0,0,0,0,0,1,0,.200,.333,.200,.533,58,1,1,0,0,0,0,/DH
165,Grant Dayton*\daytogr01,33,ATL,NL,4,0,0,0,0,0,0,0,0,0,0,0,0,,,,,,0,0,0,0,0,0,/1
166,Yonathan Daza\dazayo01,27,COL,NL,12,21,20,2,7,1,0,0,2,0,0,0,4,.350,.333,.400,.733,91,8,0,0,0,1,0,/H798
167,Alex De Goti\degotal01,26,HOU,AL,2,7,6,2,2,0,0,0,1,0,0,1,2,.333,.429,.333,.762,123,2,0,0,0,0,0,/4
168,Jose De Leon\deleojo03,28,CIN,NL,3,3,3,0,1,0,0,0,1,0,0,0,1,.333,.333,.333,.667,77,1,0,0,0,0,0,/1
169,Austin Dean\deanau01,27,STL,NL,11,25,19,4,4,1,0,1,6,0,0,5,8,.211,.360,.421,.781,120,8,0,0,0,1,0,/7H9
170,Jacob deGrom*\degroja01,33,NYM,NL,3,7,7,1,4,0,0,0,1,0,0,0,1,.571,.571,.571,1.143,224,4,0,0,0,0,0,/1
171,Paul DeJong\dejonpa01,27,STL,NL,14,58,49,10,8,0,0,3,5,0,0,8,20,.163,.293,.347,.640,80,17,2,1,0,0,0,*6
172,Anthony DeSclafani\desclan01,31,SFG,NL,4,7,5,0,0,0,0,0,0,0,0,0,2,.000,.000,.000,.000,-100,0,0,0,2,0,0,/1H
173,Ross Detwiler\detwiro01,35,MIA,NL,7,0,0,0,0,0,0,0,0,0,0,0,0,,,,,,0,0,0,0,0,0,/1
174,Chris Devenski\devench02,30,ARI,NL,2,0,0,0,0,0,0,0,0,0,0,0,0,,,,,,0,0,0,0,0,0,/1
175,Rafael Devers*\deverra01,24,BOS,AL,15,64,56,8,14,1,0,5,14,0,1,6,16,.250,.328,.536,.864,141,30,1,1,0,1,1,*5
176,Aledmys Díaz\diazal02,30,HOU,AL,9,35,31,4,8,2,0,1,5,0,0,2,9,.258,.343,.419,.762,118,13,1,2,0,0,0,/574
177,Edwin Diaz\diazed04,27,NYM,NL,6,0,0,0,0,0,0,0,0,0,0,0,0,,,,,,0,0,0,0,0,0,/1
178,Elias Diaz\diazel01,30,COL,NL,10,31,28,2,2,0,0,0,0,0,0,3,12,.071,.161,.071,.233,-36,2,1,0,0,0,0,/2H
179,Yandy Díaz\diazya01,29,TBR,AL,15,60,49,5,14,2,0,0,6,0,0,10,7,.286,.417,.327,.743,126,16,0,1,0,0,0,*3/5DH
180,Alex Dickerson*\dickeal01,31,SFG,NL,15,39,35,4,6,0,0,2,5,0,0,3,11,.171,.256,.343,.599,69,12,2,1,0,0,0,*7/H
181,Corey Dickerson*\dickeco01,32,MIA,NL,15,53,49,7,15,4,0,0,3,1,1,2,9,.306,.358,.388,.746,107,19,1,2,0,0,0,*7/H
182,Jake Diekman*\diekmja01,34,OAK,AL,1,1,1,0,0,0,0,0,0,0,0,0,1,.000,.000,.000,.000,-100,0,0,0,0,0,0,/1
183,Wilmer Difo#\difowi01,29,PIT,NL,14,23,23,3,6,2,1,1,2,0,0,0,11,.261,.261,.565,.826,120,13,0,0,0,0,0,*H/58
184,Randy Dobnak\dobnara01,26,MIN,AL,1,0,0,0,0,0,0,0,0,0,0,0,0,,,,,,0,0,0,0,0,0,/1
185,Josh Donaldson\donaljo02,35,MIN,AL,3,8,7,1,4,1,0,0,1,0,0,1,0,.571,.625,.714,1.339,294,5,1,0,0,0,0,/5
186,Sean Doolittle*\doolise01,34,CIN,NL,7,0,0,0,0,0,0,0,0,0,0,0,0,,,,,,0,0,0,0,0,0,/1
187,Camilo Doval\dovalca01,23,SFG,NL,1,0,0,0,0,0,0,0,0,0,0,0,0,,,,,,0,0,0,0,0,0,/1
188,Hunter Dozier\doziehu01,29,KCR,AL,10,36,33,3,5,1,0,0,2,1,1,3,12,.152,.222,.182,.404,17,6,0,0,0,0,0,/59
189,Mauricio Dubon\dubonma01,26,SFG,NL,12,26,24,0,3,0,0,0,1,0,0,2,6,.125,.192,.125,.317,-7,3,0,0,0,0,1,*8/H6
190,Tyler Duffey\duffety01,30,MIN,AL,2,0,0,0,0,0,0,0,0,0,0,0,0,,,,,,0,0,0,0,0,0,/1
191,Matt Duffy\duffyma01,30,CHC,NL,10,12,10,0,1,1,0,0,0,0,0,1,0,.100,.250,.200,.450,29,2,2,1,0,0,0,/H54
192,Steven Duggar*\duggast01,27,SFG,NL,2,3,3,0,0,0,0,0,0,0,0,0,1,.000,.000,.000,.000,-100,0,0,0,0,0,0,/8H
193,Adam Duvall\duvalad01,32,MIA,NL,14,52,49,8,11,3,1,4,11,0,0,3,18,.224,.269,.571,.841,125,28,1,0,0,0,0,*9/7H
194,Jarrod Dyson*\dysonja01,36,KCR,AL,8,9,8,1,3,0,1,0,0,1,0,1,1,.375,.444,.625,1.069,200,5,0,0,0,0,0,/9HD8
195,Adam Eaton*\eatonad02,32,CHW,AL,14,62,52,12,13,1,0,3,11,1,0,7,12,.250,.371,.442,.813,134,23,1,3,0,0,0,*9/H
196,Tommy Edman#\edmanto01,26,STL,NL,15,69,63,7,18,1,1,1,2,3,1,6,5,.286,.348,.381,.729,106,24,0,0,0,0,0,*4/9
197,Zach Eflin\eflinza01,27,PHI,NL,3,7,5,1,0,0,0,0,1,0,0,0,3,.000,.167,.000,.167,-48,0,0,1,1,0,0,/1
198,Eduardo Escobar#\escobed01,32,ARI,NL,15,65,58,13,14,2,0,6,11,1,0,6,13,.241,.308,.586,.894,138,34,0,0,0,1,0,*4/5
199,Santiago Espinal\espinsa01,26,TOR,AL,3,8,8,2,3,1,0,0,1,0,0,0,2,.375,.375,.500,.875,150,4,0,0,0,0,0,/5H
200,Paolo Espino\espinpa01,34,WSN,NL,1,1,1,0,0,0,0,0,0,0,0,0,1,.000,.000,.000,.000,-100,0,0,0,0,0,0,/1
201,Carlos Estevez\estevca01,28,COL,NL,6,0,0,0,0,0,0,0,0,0,0,0,0,,,,,,0,0,0,0,0,0,/1
202,Phillip Evans\evansph01,28,PIT,NL,14,59,51,9,14,2,0,3,5,0,0,5,11,.275,.373,.490,.863,137,25,1,3,0,0,0,/59731H
203,Pete Fairbanks\fairbpe01,27,TBR,AL,2,0,0,0,0,0,0,0,0,0,0,0,0,,,,,,0,0,0,0,0,0,/1
204,Jeurys Familia\familje01,31,NYM,NL,4,0,0,0,0,0,0,0,0,0,0,0,0,,,,,,0,0,0,0,0,0,/1
205,Kyle Farmer\farmeky01,30,CIN,NL,13,26,21,2,3,1,0,0,2,0,1,4,4,.143,.308,.190,.498,36,4,0,1,0,0,0,/H54637
206,Erick Fedde\feddeer01,28,WSN,NL,3,5,3,0,0,0,0,0,0,0,0,1,2,.000,.250,.000,.250,-22,0,0,0,1,0,0,/1
207,Michael Feliz\felizmi01,28,PIT,NL,6,0,0,0,0,0,0,0,0,0,0,0,0,,,,,,0,0,0,0,0,0,/1
208,J.P. Feyereisen\feyerjo01,28,MIL,NL,8,0,0,0,0,0,0,0,0,0,0,0,0,,,,,,0,0,0,0,0,0,/1
209,Kyle Finnegan\finneky01,29,WSN,NL,6,0,0,0,0,0,0,0,0,0,0,0,0,,,,,,0,0,0,0,0,0,/1
210,Jack Flaherty\flaheja01,25,STL,NL,3,7,5,1,1,0,0,0,0,0,0,2,1,.200,.429,.200,.629,86,1,0,0,0,0,0,/1
211,David Fletcher\fletcda02,27,LAA,AL,13,62,59,9,14,1,0,0,6,0,0,2,7,.237,.262,.254,.517,48,15,0,0,1,0,0,*4
212,Wilmer Flores\florewi01,29,SFG,NL,15,34,28,2,4,2,0,0,2,0,0,4,3,.143,.265,.214,.479,39,6,1,1,0,1,0,/3HD45
213,Dylan Floro*\florody01,30,MIA,NL,9,0,0,0,0,0,0,0,0,0,0,0,0,,,,,,0,0,0,0,0,0,/1
214,Dexter Fowler#\fowlede01,35,LAA,AL,7,21,20,3,5,0,0,0,1,1,0,1,6,.250,.286,.250,.536,55,5,0,0,0,0,0,/9
215,Dustin Fowler*\fowledu01,26,PIT,NL,16,41,36,3,7,1,0,0,2,1,0,3,16,.194,.268,.222,.491,38,8,0,1,0,1,0,*8/H9
216,Jake Fraley*\fraleja01,26,SEA,AL,5,19,10,2,1,1,0,0,1,1,0,8,3,.100,.526,.200,.726,128,2,0,1,0,0,0,/79
217,Ty France\francty01,26,SEA,AL,16,70,59,12,18,4,0,3,10,0,0,7,18,.305,.400,.525,.925,172,31,0,3,0,1,0,/4D3
218,Maikel Franco\francma02,28,BAL,AL,16,66,59,6,15,4,0,2,14,0,0,7,12,.254,.333,.424,.757,117,25,0,0,0,0,0,*5/D
219,Adam Frazier*\fraziad01,29,PIT,NL,15,70,59,8,18,5,2,0,9,1,1,8,5,.305,.400,.458,.858,137,27,1,2,0,1,0,*4
220,Clint Frazier\frazicl01,26,NYY,AL,11,40,36,3,6,2,0,0,0,0,0,4,14,.167,.250,.222,.472,41,8,0,0,0,0,0,*/79
221,Freddie Freeman*\freemfr01,31,ATL,NL,16,71,56,10,13,2,0,5,10,1,0,14,6,.232,.394,.536,.930,143,30,0,1,0,0,2,*3
222,Max Fried*\friedma01,27,ATL,NL,3,5,5,2,2,1,0,0,1,0,0,0,2,.400,.400,.600,1.000,160,3,0,0,0,0,0,/1
223,Josh Fuentes\fuentjo01,28,COL,NL,15,51,51,6,9,1,0,2,9,0,0,0,15,.176,.176,.314,.490,25,16,1,0,0,0,0,*5/3H
224,Carson Fulmer\fulmeca01,27,CIN,NL,8,1,1,0,0,0,0,0,0,0,0,0,0,.000,.000,.000,.000,-100,0,0,0,0,0,0,/1
225,Cam Gallagher\gallaca01,28,KCR,AL,3,8,7,0,1,1,0,0,1,0,0,0,2,.143,.125,.286,.411,12,2,0,0,0,1,0,/2
226,Giovanny Gallegos\gallegi01,29,STL,NL,7,0,0,0,0,0,0,0,0,0,0,0,0,,,,,,0,0,0,0,0,0,/1
227,Zac Gallen\galleza01,25,ARI,NL,1,2,2,0,1,0,0,0,0,0,0,0,1,.500,.500,.500,1.000,176,1,0,0,0,0,0,/1
228,Joey Gallo*\gallojo01,27,TEX,AL,15,64,46,6,11,0,0,1,5,2,0,15,18,.239,.453,.304,.757,123,14,1,3,0,0,1,*9/D
229,Freddy Galvis#\galvifr01,31,BAL,AL,16,59,53,9,13,4,1,1,3,1,0,5,16,.245,.310,.415,.725,107,22,0,0,1,0,0,*6
230,Ben Gamel*\gamelbe01,29,CLE,AL,11,17,14,1,1,1,0,0,0,0,0,3,6,.071,.235,.143,.378,11,2,1,0,0,0,0,*/8H7
231,John Gant\gantjo01,28,STL,NL,3,4,2,0,0,0,0,0,0,0,0,0,1,.000,.000,.000,.000,-100,0,0,0,2,0,0,/1
232,Adolis García\garciad02,28,TEX,AL,6,25,25,2,5,0,1,1,4,0,0,0,8,.200,.200,.400,.600,66,10,0,0,0,0,0,/798
233,Aramis Garcia\garciar01,28,OAK,AL,9,28,25,3,4,0,0,1,2,0,0,1,9,.160,.222,.280,.502,49,7,1,1,1,0,0,/2DH
234,Avisail Garcia\garciav01,30,MIL,NL,13,57,52,10,14,2,0,3,10,1,2,3,10,.269,.316,.481,.797,115,25,0,1,0,1,1,*9
235,Jarlin Garcia*\garcija04,28,SFG,NL,3,0,0,0,0,0,0,0,0,0,0,0,0,,,,,,0,0,0,0,0,0,/1
236,Leury Garcia#\garcile02,30,CHW,AL,11,39,37,6,6,2,0,0,2,1,0,1,11,.162,.184,.216,.400,16,8,1,0,1,0,0,/6479
237,Luis Garcia*\garcilu04,21,WSN,NL,6,8,7,1,1,0,0,0,0,0,0,1,3,.143,.250,.143,.393,13,1,0,0,0,0,0,/4H
238,Robel Garcia#\garciro02,28,HOU,AL,5,4,3,1,1,0,0,0,0,0,0,1,0,.333,.500,.333,.833,146,1,0,0,0,0,0,/5H
239,Yimi Garcia\garciyi01,30,MIA,NL,9,0,0,0,0,0,0,0,0,0,0,0,0,,,,,,0,0,0,0,0,0,/1
240,Brett Gardner*\gardnbr01,37,NYY,AL,10,31,25,4,6,2,0,0,1,0,0,5,7,.240,.367,.320,.687,105,8,0,0,1,0,0,*/78H
241,Kyle Garlick\garliky01,29,MIN,AL,12,28,25,6,7,3,0,0,3,0,0,1,8,.280,.321,.400,.721,111,10,2,1,0,1,0,*/7H9D
242,Amir Garrett\garream01,29,CIN,NL,4,0,0,0,0,0,0,0,0,0,0,0,0,,,,,,0,0,0,0,0,0,/1
243,Mitch Garver\garvemi01,30,MIN,AL,11,38,35,4,7,2,0,2,6,0,0,3,14,.200,.263,.429,.692,99,15,1,0,0,0,0,/2H3
244,Kevin Gausman*\gausmke01,30,SFG,NL,2,5,5,0,0,0,0,0,0,0,0,0,4,.000,.000,.000,.000,-100,0,0,0,0,0,0,/1
245,Andres Gimenez*\gimenan01,22,CLE,AL,12,38,34,6,8,3,0,2,4,2,0,2,10,.235,.297,.500,.797,122,17,1,1,1,0,0,*6
246,Kevin Ginkel*\ginkeke01,27,ARI,NL,8,0,0,0,0,0,0,0,0,0,0,0,0,,,,,,0,0,0,0,0,0,/1
247,Mychal Givens\givenmy01,31,COL,NL,7,0,0,0,0,0,0,0,0,0,0,0,0,,,,,,0,0,0,0,0,0,/1
248,Tyler Glasnow*\glasnty01,27,TBR,AL,1,2,2,0,0,0,0,0,0,0,0,0,2,.000,.000,.000,.000,-100,0,0,0,0,0,0,/1
249,Paul Goldschmidt\goldspa01,33,STL,NL,14,63,59,10,14,2,0,1,5,0,0,4,13,.237,.286,.322,.608,72,19,2,0,0,0,0,*3
250,Austin Gomber*\gombeau01,27,COL,NL,3,6,5,0,1,0,0,0,0,0,0,0,3,.200,.200,.200,.400,5,1,0,0,1,0,0,/1
251,Yan Gomes\gomesya01,33,WSN,NL,7,24,23,2,7,0,0,1,3,0,0,1,3,.304,.333,.435,.768,112,10,1,0,0,0,1,/2H
252,Chi Chi Gonzalez\gonzach01,29,COL,NL,4,4,3,1,1,0,0,0,0,0,0,0,2,.333,.333,.333,.667,76,1,0,0,1,0,0,/1
253,Erik Gonzalez\gonzaer01,29,PIT,NL,15,46,45,3,12,4,0,1,8,0,0,1,9,.267,.283,.422,.705,92,19,2,0,0,0,0,/56H
254,Marwin Gonzalez#\gonzama01,32,BOS,AL,13,50,40,7,8,0,0,1,3,2,0,7,11,.200,.340,.275,.615,78,11,1,2,0,1,0,/3475H6
255,Victor Gonzalez*\gonzavi02,25,LAD,NL,6,0,0,0,0,0,0,0,0,0,0,0,0,,,,,,0,0,0,0,0,0,/1
256,Niko Goodrum#\goodrni01,29,DET,AL,11,42,38,4,8,1,0,1,2,0,0,3,15,.211,.286,.316,.602,73,12,1,1,0,0,0,/476
257,Yasmani Grandal#\grandya01,32,CHW,AL,10,42,33,5,5,2,0,1,7,0,0,9,7,.152,.333,.303,.636,86,10,2,0,0,0,0,*2
258,Brusdar Graterol\gratebr01,22,LAD,NL,1,0,0,0,0,0,0,0,0,0,0,0,0,,,,,,0,0,0,0,0,0,/1
259,Jon Gray\grayjo02,29,COL,NL,3,6,6,0,2,0,0,0,0,0,0,0,2,.333,.333,.333,.667,76,2,0,0,0,0,0,/1
260,Sonny Gray\grayso01,31,CIN,NL,1,2,2,0,0,0,0,0,0,0,0,0,1,.000,.000,.000,.000,-100,0,0,0,0,0,0,/1
261,Didi Gregorius*\gregodi01,31,PHI,NL,15,59,54,3,16,1,0,2,10,1,0,2,13,.296,.322,.426,.748,106,23,1,1,0,2,1,*6/H
262,Grayson Greiner\greingr01,28,DET,AL,5,16,16,1,3,0,0,1,3,0,0,0,7,.188,.188,.375,.563,57,6,0,0,0,0,0,/2
263,Randal Grichuk\grichra01,29,TOR,AL,16,59,53,6,15,4,0,1,10,0,1,5,14,.283,.339,.415,.754,116,22,0,0,0,1,0,*8/9D
264,Trent Grisham*\grishtr01,24,SDP,NL,9,38,31,8,10,1,0,3,4,2,0,7,7,.323,.447,.645,1.093,207,20,1,0,0,0,0,/8H
265,Robbie Grossman#\grossro01,31,DET,AL,15,65,50,5,11,2,0,1,4,2,0,13,16,.220,.400,.320,.720,111,16,0,2,0,0,1,*7/9D
266,Robert Gsellman\gsellro01,27,NYM,NL,1,0,0,0,0,0,0,0,0,0,0,0,0,,,,,,0,0,0,0,0,0,/1
267,Deolis Guerra\guerrde01,32,OAK,AL,1,0,0,0,0,0,0,0,0,0,0,0,0,,,,,,0,0,0,0,0,0,/1
268,Vladimir Guerrero Jr.\guerrvl02,22,TOR,AL,16,67,54,10,21,3,0,4,11,1,0,11,11,.389,.507,.667,1.174,235,36,1,2,0,0,0,*3/D
269,Luis Guillorme*\guilllu01,26,NYM,NL,8,15,11,2,4,0,0,0,0,0,0,4,1,.364,.533,.364,.897,160,4,0,0,0,0,0,/5H
270,Lourdes Gurriel Jr.\gurrilo01,27,TOR,AL,13,48,44,4,9,1,0,0,4,0,0,2,10,.205,.250,.227,.477,39,10,2,1,0,1,0,*7/3
271,Yuli Gurriel\gourryu01,37,HOU,AL,15,65,53,5,19,4,0,1,5,0,0,12,7,.358,.477,.491,.967,179,26,1,0,0,0,0,*3
272,Ronald Guzman*\guzmaro01,26,TEX,AL,7,17,16,1,1,0,0,1,1,0,0,1,6,.063,.118,.250,.368,1,4,0,0,0,0,0,/37HD
273,Josh Hader*\haderjo01,27,MIL,NL,4,0,0,0,0,0,0,0,0,0,0,0,0,,,,,,0,0,0,0,0,0,/1
274,Sam Haggerty#\haggesa01,27,SEA,AL,9,25,25,3,4,0,0,1,2,1,0,0,5,.160,.160,.280,.440,28,7,0,0,0,0,0,/78H9
275,David Hale\haleda02,33,PHI,NL,3,0,0,0,0,0,0,0,0,0,0,0,0,,,,,,0,0,0,0,0,0,/1
276,Billy Hamilton#\hamilbi02,30,CHW,AL,6,13,11,2,3,0,0,0,1,2,0,2,1,.273,.385,.273,.657,95,3,0,0,0,0,0,/79
277,Garrett Hampson\hampsga01,26,COL,NL,15,63,55,12,13,3,0,1,7,4,1,6,17,.236,.302,.345,.647,69,19,0,0,0,2,0,*8/4H
278,Brad Hand*\handbr01,31,WSN,NL,4,0,0,0,0,0,0,0,0,0,0,0,0,,,,,,0,0,0,0,0,0,/1
279,Mitch Haniger\hanigmi01,30,SEA,AL,16,70,65,13,22,5,1,4,14,0,0,3,14,.338,.357,.631,.988,186,41,1,0,0,2,0,*9/D
280,Ian Happ#\happia01,26,CHC,NL,15,59,48,5,8,0,0,1,1,0,0,9,16,.167,.310,.229,.540,55,11,0,1,1,0,0,*8/7H
281,Bryce Harper*\harpebr03,28,PHI,NL,14,57,45,9,13,3,0,3,7,0,0,11,12,.289,.439,.556,.994,174,25,1,1,0,0,2,*9
282,Ryne Harper\harpery01,32,WSN,NL,1,0,0,0,0,0,0,0,0,0,0,0,0,,,,,,0,0,0,0,0,0,/1
283,Josh Harrison\harrijo05,33,WSN,NL,6,24,22,2,10,1,0,1,5,0,1,2,0,.455,.500,.636,1.136,213,14,0,0,0,0,0,/4
284,Adam Haseley*\haselad01,25,PHI,NL,9,21,21,2,4,1,0,0,0,0,0,0,4,.190,.190,.238,.429,18,5,0,0,0,0,0,/87H
285,Ke'Bryan Hayes\hayeske01,24,PIT,NL,2,7,5,2,1,0,0,1,2,0,0,2,1,.200,.429,.800,1.229,230,4,0,0,0,0,0,/5
286,Austin Hays\haysau01,25,BAL,AL,3,10,10,1,2,1,0,0,2,0,0,0,4,.200,.200,.300,.500,42,3,0,0,0,0,0,/7
287,Nick Heath*\heathni01,27,ARI,NL,1,4,4,0,3,0,0,0,0,0,1,0,0,.750,.750,.750,1.500,314,3,0,0,0,0,0,/8
288,Austin Hedges\hedgeau01,28,CLE,AL,5,17,15,1,1,0,0,1,1,0,0,1,7,.067,.125,.267,.392,8,4,0,0,1,0,1,/2H
289,Jonah Heim#\heimjo01,26,TEX,AL,5,19,17,4,3,2,0,1,1,1,0,2,4,.176,.263,.471,.734,104,8,2,0,0,0,0,/2
290,Ryan Helsley\helslry01,26,STL,NL,8,0,0,0,0,0,0,0,0,0,0,0,0,,,,,,0,0,0,0,0,0,/1
291,Kyle Hendricks\hendrky01,31,CHC,NL,3,3,2,0,0,0,0,0,0,0,0,0,1,.000,.000,.000,.000,-100,0,0,0,1,0,0,/1
292,Guillermo Heredia\heredgu01,30,ATL,NL,4,15,11,4,3,0,0,2,6,0,0,3,5,.273,.467,.818,1.285,231,9,0,1,0,0,1,/87H
293,Cesar Hernandez#\hernace02,31,CLE,AL,15,65,56,5,9,2,0,1,2,0,0,9,12,.161,.277,.250,.527,52,14,1,0,0,0,0,*4
294,Elieser Hernandez\hernael01,26,MIA,NL,1,1,1,0,0,0,0,0,0,0,0,0,1,.000,.000,.000,.000,-100,0,0,0,0,0,0,/1
295,Enrique Hernandez\hernaen02,29,BOS,AL,16,66,61,9,16,3,0,2,6,0,0,3,15,.262,.303,.410,.713,101,25,1,1,0,1,0,*8/4H6
296,Teoscar Hernandez\hernate01,28,TOR,AL,7,29,29,3,6,0,0,1,2,0,0,0,14,.207,.207,.310,.517,47,9,0,0,0,0,0,/97
297,Yadiel Hernández*\hernaya01,33,WSN,NL,5,8,7,0,1,1,0,0,0,0,0,0,1,.143,.250,.286,.536,49,2,0,1,0,0,0,/H7
298,Jason Heyward*\heywaja01,31,CHC,NL,15,54,51,3,10,3,0,1,2,0,0,3,16,.196,.241,.314,.554,54,16,0,0,0,0,0,*9
299,Aaron Hicks#\hicksaa01,31,NYY,AL,13,55,50,3,8,1,0,1,5,0,0,4,14,.160,.236,.240,.476,41,12,2,1,0,0,0,*8
300,Jordan Hicks\hicksjo03,24,STL,NL,6,0,0,0,0,0,0,0,0,0,0,0,0,,,,,,0,0,0,0,0,0,/1
301,Kyle Higashioka\higasky01,31,NYY,AL,8,16,13,3,4,1,0,2,4,0,0,3,2,.308,.438,.846,1.284,267,11,0,0,0,0,0,/2
302,Trevor Hildenberger\hildetr01,30,NYM,NL,1,0,0,0,0,0,0,0,0,0,0,0,0,,,,,,0,0,0,0,0,0,/1
303,Rich Hill*\hillri01,41,TBR,AL,1,1,1,0,0,0,0,0,0,0,0,0,1,.000,.000,.000,.000,-100,0,0,0,0,0,0,/1
304,Tim Hill\hillti01,31,SDP,NL,7,0,0,0,0,0,0,0,0,0,0,0,0,,,,,,0,0,0,0,0,0,/1
305,Sam Hilliard*\hillisa01,27,COL,NL,12,31,29,4,3,0,1,2,4,0,0,2,13,.103,.161,.379,.541,36,11,0,0,0,0,1,/8H9
306,Keston Hiura\hiurake01,24,MIL,NL,13,52,43,5,5,2,0,1,5,1,0,5,18,.116,.269,.233,.502,40,10,2,4,0,0,0,*3/4
307,Jeff Hoffman\hoffmje02,28,CIN,NL,3,6,5,1,1,0,0,0,1,0,0,0,1,.200,.200,.200,.400,6,1,0,0,1,0,0,/1
308,Jordan Holloway\hollojo01,25,MIA,NL,1,0,0,0,0,0,0,0,0,0,0,0,0,,,,,,0,0,0,0,0,0,/1
309,Clay Holmes\holmecl01,28,PIT,NL,8,0,0,0,0,0,0,0,0,0,0,0,0,,,,,,0,0,0,0,0,0,/1
310,Brock Holt*\holtbr01,33,TEX,AL,5,20,14,1,3,1,0,0,2,1,0,6,3,.214,.450,.286,.736,117,4,1,0,0,0,0,/5D
311,Rhys Hoskins\hoskirh01,28,PHI,NL,15,61,58,12,15,7,0,2,5,0,0,3,19,.259,.295,.483,.778,112,28,3,0,0,0,0,*3/H
312,Eric Hosmer*\hosmeer01,31,SDP,NL,16,68,61,7,21,5,0,3,14,2,1,6,11,.344,.412,.574,.986,178,35,1,1,0,0,0,*3/DH
313,Adrian Houser\housead01,28,MIL,NL,3,4,4,0,1,0,0,0,0,0,0,0,2,.250,.250,.250,.500,38,1,0,0,0,0,0,/1
314,Sam Howard\howarsa01,28,PIT,NL,9,0,0,0,0,0,0,0,0,0,0,0,0,,,,,,0,0,0,0,0,0,/1
315,Spencer Howard\howarsp01,24,PHI,NL,1,0,0,0,0,0,0,0,0,0,0,0,0,,,,,,0,0,0,0,0,0,/1
316,Daniel Hudson\hudsoda01,34,WSN,NL,4,0,0,0,0,0,0,0,0,0,0,0,0,,,,,,0,0,0,0,0,0,/1
317,Scott Hurst*\hurstsc01,25,STL,NL,2,3,3,0,0,0,0,0,0,0,0,0,1,.000,.000,.000,.000,-100,0,0,0,0,0,0,/8H
318,José Iglesias\iglesjo01,31,LAA,AL,13,52,51,6,13,2,0,0,2,0,0,1,10,.255,.269,.294,.563,60,15,2,0,0,0,0,*6
319,Raisel Iglesias\iglesra01,31,LAA,AL,1,0,0,0,0,0,0,0,0,0,0,0,0,,,,,,0,0,0,0,0,0,/1
320,Ender Inciarte*\inciaen01,30,ATL,NL,12,20,17,3,5,1,0,0,0,0,0,2,3,.294,.368,.353,.721,93,6,1,0,1,0,0,/87H
321,Jonathan India\indiajo01,24,CIN,NL,14,54,46,6,13,1,1,0,11,0,0,3,14,.283,.352,.348,.700,86,16,1,3,0,2,1,*4
322,Kyle Isbel*\isbelky01,24,KCR,AL,10,33,31,5,9,0,1,0,3,1,0,2,14,.290,.333,.355,.688,96,11,0,0,0,0,0,/97DH
323,Alex Jackson\jacksal02,25,ATL,NL,5,12,10,1,1,0,0,0,0,0,0,0,4,.100,.250,.100,.350,-2,1,0,2,0,0,0,/2H
324,Luke Jackson\jackslu01,29,ATL,NL,7,0,0,0,0,0,0,0,0,0,0,0,0,,,,,,0,0,0,0,0,0,/1
325,Danny Jansen\janseda01,26,TOR,AL,11,31,28,2,2,1,0,0,0,0,0,3,9,.071,.161,.107,.268,-20,3,1,0,0,0,0,*2
326,Kenley Jansen#\janseke01,33,LAD,NL,4,0,0,0,0,0,0,0,0,0,0,0,0,,,,,,0,0,0,0,0,0,/1
327,Jon Jay*\jayjo02,36,LAA,AL,2,8,8,0,1,0,0,0,0,0,0,0,2,.125,.125,.125,.250,-28,1,0,0,0,0,0,/7
328,Ryan Jeffers\jeffery01,24,MIN,AL,7,23,21,3,4,0,0,0,1,0,0,2,12,.190,.261,.190,.451,36,4,0,0,0,0,0,/2H
329,Pierce Johnson\johnspi01,30,SDP,NL,3,0,0,0,0,0,0,0,0,0,0,0,0,,,,,,0,0,0,0,0,0,/1
330,JaCoby Jones\jonesja07,29,DET,AL,10,29,28,1,4,1,0,0,1,0,0,1,11,.143,.172,.179,.351,2,5,1,0,0,0,0,/87H
331,Nate Jones\jonesna01,35,ATL,NL,7,0,0,0,0,0,0,0,0,0,0,0,0,,,,,,0,0,0,0,0,0,/1
332,Taylor Jones\jonesta01,27,HOU,AL,2,7,6,2,2,0,0,0,1,0,0,1,1,.333,.429,.333,.762,123,2,0,0,0,0,0,/D
333,Matthew Joyce*\joycema01,36,PHI,NL,7,13,10,0,2,1,0,0,0,0,0,2,2,.200,.385,.300,.685,94,3,0,1,0,0,0,/H79
334,Aaron Judge\judgeaa01,29,NYY,AL,13,56,51,6,13,1,0,4,8,0,0,5,15,.255,.321,.510,.831,140,26,3,0,0,0,0,*9/D
335,James Karinchak\karinja01,25,CLE,AL,1,0,0,0,0,0,0,0,0,0,0,0,0,,,,,,0,0,0,0,0,0,/1
336,Sean Kazmar Jr.\kazmase01,36,ATL,NL,1,1,1,0,0,0,0,0,0,0,0,0,0,.000,.000,.000,.000,-100,0,1,0,0,0,0,/H
337,Keone Kela\kelake01,28,SDP,NL,7,0,0,0,0,0,0,0,0,0,0,0,0,,,,,,0,0,0,0,0,0,/1
338,Mitch Keller\kellemi03,25,PIT,NL,3,4,4,1,0,0,0,0,0,0,0,0,1,.000,.000,.000,.000,-100,0,0,0,0,0,0,/1
339,Carson Kelly\kellyca02,26,ARI,NL,11,41,30,5,12,2,0,3,6,0,0,9,10,.400,.537,.767,1.303,253,23,1,1,0,1,1,*2/H
340,Merrill Kelly\kellyme01,32,ARI,NL,3,8,8,0,0,0,0,0,0,0,0,0,4,.000,.000,.000,.000,-100,0,0,0,0,0,0,/1
341,Tony Kemp*\kempto01,29,OAK,AL,10,27,20,1,3,0,0,0,0,2,0,6,4,.150,.346,.150,.496,56,3,0,0,1,0,0,/74H
342,Max Kepler*\keplema01,28,MIN,AL,14,54,47,5,11,4,1,0,8,3,0,5,12,.234,.315,.362,.677,99,17,0,1,0,1,1,*9/H
343,Clayton Kershaw*\kershcl01,33,LAD,NL,3,6,5,1,2,0,0,0,1,0,0,1,1,.400,.500,.400,.900,157,2,0,0,0,0,0,/1
344,Carter Kieboom\kieboca01,23,WSN,NL,2,2,1,0,0,0,0,0,0,0,0,1,1,.000,.500,.000,.500,56,0,0,0,0,0,0,/H
345,Kevin Kiermaier*\kiermke01,31,TBR,AL,6,14,14,1,2,0,0,0,0,0,0,0,5,.143,.143,.143,.286,-14,2,1,0,0,0,0,/8H
346,Ha-Seong Kim\kimha01,25,SDP,NL,15,42,38,4,8,0,0,1,2,1,1,3,9,.211,.286,.289,.575,65,11,1,1,0,0,0,/6H45
347,Kwang Hyun Kim*\kimkw01,32,STL,NL,1,2,2,0,0,0,0,0,0,0,0,0,0,.000,.000,.000,.000,-100,0,0,0,0,0,0,/1
348,Craig Kimbrel\kimbrcr01,33,CHC,NL,6,0,0,0,0,0,0,0,0,0,0,0,0,,,,,,0,0,0,0,0,0,/1
349,Isiah Kiner-Falefa\kineris01,26,TEX,AL,16,69,64,9,14,2,0,2,7,2,0,2,13,.219,.265,.344,.608,72,22,0,2,1,0,0,*6/H
350,Tyler Kinley\kinlety01,30,COL,NL,6,0,0,0,0,0,0,0,0,0,0,0,0,,,,,,0,0,0,0,0,0,/1
351,Brandon Kintzler\kintzbr01,36,PHI,NL,4,0,0,0,0,0,0,0,0,0,0,0,0,,,,,,0,0,0,0,0,0,/1
352,Alex Kirilloff*\kirilal01,23,MIN,AL,2,3,3,0,0,0,0,0,0,0,0,0,1,.000,.000,.000,.000,-100,0,0,0,0,0,0,/7H
353,Alejandro Kirk\kirkal01,22,TOR,AL,11,29,25,1,4,1,0,1,3,0,0,3,4,.160,.276,.320,.596,71,8,1,1,0,0,0,/2DH
354,Andrew Kittredge\kittran01,31,TBR,AL,1,0,0,0,0,0,0,0,0,0,0,0,0,,,,,,0,0,0,0,0,0,/1
355,Andrew Knapp#\knappan01,29,PHI,NL,5,12,10,1,2,0,0,1,2,0,0,1,6,.200,.250,.500,.750,102,5,0,0,0,1,0,/2H3
356,Corey Knebel\knebeco01,29,LAD,NL,6,0,0,0,0,0,0,0,0,0,0,0,0,,,,,,0,0,0,0,0,0,/1
357,Andrew Knizner\kniznan01,26,STL,NL,5,9,7,1,2,0,0,0,0,0,0,2,1,.286,.444,.286,.730,113,2,0,0,0,0,0,/2H
358,Adam Kolarek*\kolarad01,32,OAK,AL,1,0,0,0,0,0,0,0,0,0,0,0,0,,,,,,0,0,0,0,0,0,/1
359,Chad Kuhl\kuhlch01,28,PIT,NL,4,6,5,0,0,0,0,0,0,0,0,0,2,.000,.000,.000,.000,-100,0,0,0,1,0,0,/1
360,Tommy La Stella*\lasteto01,32,SFG,NL,13,29,27,3,9,3,0,0,0,0,0,2,4,.333,.379,.444,.824,133,12,0,0,0,0,0,/H45D
361,Juan Lagares\lagarju01,32,LAA,AL,2,7,7,0,0,0,0,0,0,0,0,0,1,.000,.000,.000,.000,-100,0,0,0,0,0,0,/987
362,Jake Lamb*\lambja01,30,CHW,AL,4,12,9,2,1,0,0,0,0,0,0,3,3,.111,.333,.111,.444,37,1,0,0,0,0,0,/5D7H
363,Ramon Laureano\laurera01,26,OAK,AL,13,57,51,10,12,2,2,1,6,8,1,4,13,.235,.316,.412,.728,115,21,0,2,0,0,0,*8
364,DJ LeMahieu\lemahdj01,32,NYY,AL,14,64,56,7,16,4,0,1,5,0,0,8,12,.286,.375,.411,.786,132,23,3,0,0,0,0,/345
365,Josh Lindblom\lindbjo01,34,MIL,NL,4,0,0,0,0,0,0,0,0,0,0,0,0,,,,,,0,0,0,0,0,0,/1
366,Francisco Lindor#\lindofr01,27,NYM,NL,11,48,37,6,7,1,0,0,2,0,1,8,3,.189,.340,.216,.557,62,8,1,1,1,1,1,*6
367,Tim Locastro\locasti01,28,ARI,NL,15,58,52,7,14,0,0,1,2,3,1,4,12,.269,.345,.327,.672,86,17,1,2,0,0,0,*8/9H
368,Evan Longoria\longoev01,35,SFG,NL,14,52,46,8,14,2,0,4,9,0,0,6,12,.304,.385,.609,.993,177,28,0,0,0,0,1,*5/H
369,Nicky Lopez*\lopezni01,26,KCR,AL,14,45,39,6,11,1,1,0,3,2,0,4,5,.282,.341,.359,.700,100,14,0,0,1,1,0,*6
370,Pablo Lopez*\lopezpa01,25,MIA,NL,4,6,6,1,1,1,0,0,0,0,0,0,1,.167,.167,.333,.500,34,2,0,0,0,0,0,/1
371,Yoan López\lopezyo01,28,ARI,NL,7,0,0,0,0,0,0,0,0,0,0,0,0,,,,,,0,0,0,0,0,0,/1
372,Aaron Loup*\loupaa01,33,NYM,NL,2,0,0,0,0,0,0,0,0,0,0,0,0,,,,,,0,0,0,0,0,0,/1
373,Brandon Lowe*\lowebr01,26,TBR,AL,15,61,51,5,9,3,0,1,6,0,0,8,19,.176,.311,.294,.606,82,15,0,2,0,0,0,*4/7DH
374,Nate Lowe*\lowena01,25,TEX,AL,16,68,61,7,14,1,0,4,16,2,0,6,21,.230,.309,.443,.751,112,27,3,1,0,0,0,*3/D5
375,Jed Lowrie#\lowrije01,37,OAK,AL,15,61,54,10,18,4,0,2,12,0,0,7,10,.333,.410,.519,.928,175,28,0,0,0,0,0,*4/DH
376,Joey Lucchesi*\lucchjo01,28,NYM,NL,2,1,1,0,0,0,0,0,0,0,0,0,1,.000,.000,.000,.000,-100,0,0,0,0,0,0,/1
377,Jonathan Lucroy\lucrojo01,35,WSN,NL,5,14,14,0,5,1,0,0,2,0,0,0,2,.357,.357,.429,.786,117,6,0,0,0,0,0,/2H
378,Jordan Luplow\luplojo01,27,CLE,AL,11,32,28,4,7,1,0,4,10,0,1,4,9,.250,.344,.714,1.058,191,20,0,0,0,0,0,*/89H7
379,Gavin Lux*\luxga01,23,LAD,NL,13,45,41,4,9,0,2,0,5,1,0,2,11,.220,.244,.317,.562,56,13,2,0,0,2,0,*4/H6
380,Jesus Luzardo*\luzarje01,23,OAK,AL,1,1,1,0,0,0,0,0,0,0,0,0,0,.000,.000,.000,.000,-100,0,0,0,0,0,0,/1
381,Manny Machado\machama01,28,SDP,NL,17,76,62,12,18,2,0,3,8,4,1,13,13,.290,.408,.468,.876,150,29,2,0,0,1,1,*5/D
382,Vimael Machin*\machivi01,27,OAK,AL,1,4,4,1,1,0,0,0,0,0,0,0,1,.250,.250,.250,.500,50,1,1,0,0,0,0,/4
383,Nick Madrigal\madrini01,24,CHW,AL,14,52,46,9,14,2,0,0,3,1,1,3,1,.304,.365,.348,.713,108,16,1,2,0,1,0,*4/DH
384,Kenta Maeda\maedake01,33,MIN,AL,1,2,1,0,0,0,0,0,0,0,0,0,0,.000,.000,.000,.000,-100,0,0,0,1,0,0,/1
385,Tyler Mahle\mahlety01,26,CIN,NL,3,6,4,0,0,0,0,0,0,0,0,0,0,.000,.000,.000,.000,-100,0,1,0,2,0,0,/1
386,Martin Maldonado\maldoma01,34,HOU,AL,9,34,33,2,3,0,0,0,0,0,0,1,16,.091,.118,.091,.209,-39,3,1,0,0,0,0,/2H
387,Trey Mancini\mancitr01,29,BAL,AL,16,65,59,7,11,3,0,3,11,0,0,4,19,.186,.246,.390,.636,80,23,5,1,0,1,0,*3/DH
388,Dillon Maples\mapledi01,29,CHC,NL,4,0,0,0,0,0,0,0,0,0,0,0,0,,,,,,0,0,0,0,0,0,/1
389,Tucupita Marcano*\marcatu01,21,SDP,NL,10,13,12,1,2,1,0,0,1,0,0,1,1,.167,.231,.250,.481,37,3,1,0,0,0,0,/H59
390,Manuel Margot\margoma01,26,TBR,AL,14,51,46,7,12,2,1,2,8,2,0,4,12,.261,.314,.478,.792,132,22,1,0,0,1,0,*/879HD
391,Jake Marisnick\marisja01,30,CHC,NL,10,17,15,2,3,0,0,0,1,1,1,2,8,.200,.294,.200,.494,42,3,0,0,0,0,0,/8H
392,Jose Marmolejos*\marmojo01,28,SEA,AL,12,34,29,4,6,2,0,2,6,0,0,5,12,.207,.324,.483,.806,136,14,0,0,0,0,0,/37HD
393,German Marquez\marquge01,26,COL,NL,4,8,8,0,1,0,0,0,0,0,0,0,2,.125,.125,.125,.250,-34,1,0,0,0,0,0,/1
394,Ketel Marte#\marteke01,27,ARI,NL,6,28,26,5,12,4,0,2,5,0,0,2,4,.462,.500,.846,1.346,261,22,1,0,0,0,0,/8
395,Starling Marte\martest01,32,MIA,NL,15,69,57,15,18,2,1,2,8,3,1,8,14,.316,.420,.491,.912,152,28,1,3,0,1,0,*8
396,Chris Martin\martich02,35,ATL,NL,2,0,0,0,0,0,0,0,0,0,0,0,0,,,,,,0,0,0,0,0,0,/1
397,Carlos Martinez\martica04,29,STL,NL,3,3,3,0,0,0,0,0,0,0,0,0,1,.000,.000,.000,.000,-100,0,0,0,0,0,0,/1
398,J.D. Martinez\martijd02,33,BOS,AL,14,61,55,13,20,7,0,5,18,0,0,6,12,.364,.426,.764,1.190,230,42,3,0,0,0,0,*D/79
399,Jorge Mateo\mateojo01,26,SDP,NL,11,23,19,0,4,2,0,0,1,0,0,1,6,.211,.348,.316,.664,92,6,0,3,0,0,0,/H8795
400,Wyatt Mathisen\mathiwy01,27,ARI,NL,12,22,17,1,2,0,0,0,2,0,0,4,10,.118,.318,.118,.436,27,2,0,1,0,0,0,/H357
401,Phil Maton\matonph01,28,CLE,AL,1,0,0,0,0,0,0,0,0,0,0,0,0,,,,,,0,0,0,0,0,0,/1
402,Tyler Matzek*\matzety01,30,ATL,NL,8,0,0,0,0,0,0,0,0,0,0,0,0,,,,,,0,0,0,0,0,0,/1
403,Dustin May\maydu01,23,LAD,NL,1,2,1,0,0,0,0,0,0,0,0,0,1,.000,.000,.000,.000,-100,0,0,0,1,0,0,/1
404,Trevor May\maytr01,31,NYM,NL,4,0,0,0,0,0,0,0,0,0,0,0,0,,,,,,0,0,0,0,0,0,/1
405,Jack Mayfield\mayfija01,30,LAA,AL,2,3,3,0,0,0,0,0,0,0,0,0,2,.000,.000,.000,.000,-100,0,0,0,0,0,0,/5H
406,Nomar Mazara*\mazarno01,26,DET,AL,12,40,38,3,9,0,0,2,5,0,0,2,7,.237,.275,.395,.670,90,15,3,0,0,0,0,/9DH
407,Ryan McBroom\mcbrory01,29,KCR,AL,3,5,4,1,0,0,0,0,0,0,0,1,4,.000,.200,.000,.200,-36,0,0,0,0,0,0,/HD
408,James McCann\mccanja02,31,NYM,NL,9,33,31,2,8,0,0,1,3,0,0,2,7,.258,.303,.355,.658,85,11,2,0,0,0,0,/2
409,Chas McCormick\mccorch01,26,HOU,AL,8,17,14,5,3,2,0,1,6,1,0,1,4,.214,.294,.571,.866,141,8,0,1,0,1,0,/7H8D9
410,Andrew McCutchen\mccutan01,34,PHI,NL,14,57,47,5,8,0,1,1,5,1,0,10,13,.170,.316,.277,.592,67,13,1,0,0,0,0,*7/H
411,Jake McGee*\mcgeeja01,34,SFG,NL,7,0,0,0,0,0,0,0,0,0,0,0,0,,,,,,0,0,0,0,0,0,/1
412,Kyle McGowin\mcgowky01,29,WSN,NL,4,0,0,0,0,0,0,0,0,0,0,0,0,,,,,,0,0,0,0,0,0,/1
413,Collin McHugh\mchugco01,34,TBR,AL,1,0,0,0,0,0,0,0,0,0,0,0,0,,,,,,0,0,0,0,0,0,/1
414,Ryan McKenna\mckenry01,24,BAL,AL,11,11,10,4,2,0,1,0,0,0,0,1,4,.200,.273,.400,.673,91,4,0,0,0,0,0,*/7H9
415,Triston McKenzie\mckentr01,23,CLE,AL,1,2,2,0,1,0,0,0,0,0,0,0,0,.500,.500,.500,1.000,186,1,0,0,0,0,0,/1
416,Billy McKinney*\mckinbi01,26,MIL,NL,13,26,25,3,8,0,1,0,2,0,0,1,4,.320,.346,.400,.746,104,10,0,0,0,0,0,/H739
417,Zach McKinstry*\mckinza01,26,LAD,NL,15,51,47,7,15,5,0,3,13,0,0,2,12,.319,.353,.617,.970,165,29,0,1,0,1,0,*/947
418,Ryan McMahon*\mcmahry01,26,COL,NL,16,61,60,10,16,4,0,6,10,1,0,1,12,.267,.279,.633,.912,129,38,1,0,0,0,0,*4/5H
419,Jeff McNeil*\mcneije01,29,NYM,NL,11,38,34,3,6,2,0,1,4,0,0,3,3,.176,.263,.324,.587,64,11,1,1,0,0,0,*4/H
420,Austin Meadows*\meadoau01,26,TBR,AL,16,71,57,8,11,3,0,3,4,0,0,12,18,.193,.352,.404,.756,125,23,1,2,0,0,0,*7/DH9
421,Francisco Mejia#\mejiafr01,25,TBR,AL,8,28,24,2,8,2,0,1,5,0,0,2,1,.333,.370,.542,.912,168,13,0,0,1,1,0,/2DH
422,Mark Melancon\melanma01,36,SDP,NL,6,0,0,0,0,0,0,0,0,0,0,0,0,,,,,,0,0,0,0,0,0,/1
423,Danny Mendick\mendida01,27,CHW,AL,7,21,16,2,6,0,0,0,2,0,0,5,5,.375,.524,.375,.899,167,6,0,0,0,0,0,/64
424,Yermin Mercedes\merceye01,28,CHW,AL,14,57,53,7,22,4,0,4,12,0,0,4,8,.415,.456,.717,1.173,233,38,1,0,0,0,0,*D/H
425,Jordy Mercer\mercejo03,34,WSN,NL,6,15,15,1,5,0,0,0,0,0,0,0,3,.333,.333,.333,.667,86,5,0,0,0,0,0,/4H36
426,Whit Merrifield\merriwh01,32,KCR,AL,14,62,53,10,17,3,0,3,11,5,1,5,7,.321,.371,.547,.918,157,29,0,1,0,3,1,*4
427,Wade Miley*\mileywa01,34,CIN,NL,3,7,7,0,1,0,0,0,0,0,0,0,5,.143,.143,.143,.286,-24,1,0,0,0,0,0,/1
428,Andrew Miller*\millean01,36,STL,NL,7,0,0,0,0,0,0,0,0,0,0,0,0,,,,,,0,0,0,0,0,0,/1
429,Brad Miller*\millebr02,31,PHI,NL,7,10,9,1,2,0,0,0,0,0,0,1,4,.222,.300,.222,.522,48,2,0,0,0,0,0,/H35
430,Shelby Miller\millesh01,30,CHC,NL,2,0,0,0,0,0,0,0,0,0,0,0,0,,,,,,0,0,0,0,0,0,/1
431,Alec Mills\millsal02,29,CHC,NL,6,1,1,0,0,0,0,0,0,0,0,0,1,.000,.000,.000,.000,-100,0,0,0,0,0,0,/1
432,A.J. Minter*\minteaj01,27,ATL,NL,8,0,0,0,0,0,0,0,0,0,0,0,0,,,,,,0,0,0,0,0,0,/1
433,Yadier Molina\molinya01,38,STL,NL,14,55,50,10,17,3,0,4,12,0,0,4,11,.340,.382,.640,1.022,183,32,0,0,0,1,0,*2
434,Yoan Moncada#\moncayo01,26,CHW,AL,15,66,55,6,11,1,0,1,7,0,0,7,19,.200,.318,.273,.591,74,15,1,3,0,1,0,*5
435,Mickey Moniak*\moniami01,23,PHI,NL,3,10,8,1,0,0,0,0,0,0,0,2,6,.000,.200,.000,.200,-38,0,0,0,0,0,1,/879
436,Dylan Moore\mooredy01,28,SEA,AL,16,55,47,5,6,3,0,1,6,2,0,7,19,.128,.236,.255,.492,46,12,1,0,0,1,0,*4/79H
437,Matt Moore*\moorema02,32,PHI,NL,3,4,4,0,0,0,0,0,0,0,0,0,3,.000,.000,.000,.000,-100,0,0,0,0,0,0,/1
438,Colin Moran*\moranco01,28,PIT,NL,16,65,57,8,17,4,0,4,13,0,0,8,20,.298,.385,.579,.964,162,33,0,0,0,0,0,*3/H
439,Adrián Morejón*\morejad01,22,SDP,NL,1,1,1,0,0,0,0,0,0,0,0,0,0,.000,.000,.000,.000,-100,0,0,0,0,0,0,/1
440,Mitch Moreland*\morelmi01,35,OAK,AL,13,38,34,1,7,0,0,0,5,0,0,3,9,.206,.263,.206,.469,43,7,1,0,0,1,0,/D3H
441,Reyes Moronta\moronre01,28,SFG,NL,3,0,0,0,0,0,0,0,0,0,0,0,0,,,,,,0,0,0,0,0,0,/1
442,Charlie Morton\mortoch02,37,ATL,NL,3,5,5,1,1,0,0,0,0,0,0,0,3,.200,.200,.200,.400,7,1,0,0,0,0,0,/1
443,Ryan Mountcastle\mountry01,24,BAL,AL,16,64,61,6,11,4,0,1,7,1,0,2,21,.180,.203,.295,.498,41,18,0,0,0,1,0,/D73
444,Mike Moustakas*\moustmi01,32,CIN,NL,12,47,38,10,11,4,0,2,5,0,0,7,7,.289,.404,.553,.957,149,21,1,1,0,1,0,*5
445,Cedric Mullins*\mullice01,26,BAL,AL,16,68,62,8,22,7,0,1,4,2,1,6,16,.355,.412,.516,.928,166,32,0,0,0,0,0,*8
446,Max Muncy*\muncyma01,30,LAD,NL,16,67,53,12,16,2,1,3,10,0,0,13,12,.302,.448,.547,.995,178,29,0,1,0,0,2,*3/4D
447,Sean Murphy\murphse01,26,OAK,AL,10,40,31,1,5,3,0,1,5,0,0,6,12,.161,.350,.355,.705,112,11,0,3,0,0,0,*2/H
448,Tom Murphy\murphto04,30,SEA,AL,9,32,29,4,4,0,0,1,1,0,0,2,9,.138,.194,.241,.435,28,7,1,0,0,0,0,/2DH
449,Joe Musgrove\musgrjo01,28,SDP,NL,3,5,5,0,1,0,0,0,0,0,0,0,2,.200,.200,.200,.400,15,1,0,0,0,0,0,/17
450,Wil Myers\myerswi01,30,SDP,NL,16,60,52,9,17,4,0,3,11,1,0,8,12,.327,.417,.577,.994,180,30,2,0,0,0,0,*9/HD
451,Tyler Naquin*\naquity01,30,CIN,NL,12,48,42,8,11,1,0,6,15,1,0,5,12,.262,.354,.714,1.068,172,30,0,1,0,0,0,*/78H9
452,Omar Narvaez*\narvaom01,29,MIL,NL,13,43,36,5,13,0,0,2,6,0,0,4,6,.361,.442,.528,.970,165,19,1,2,0,1,0,*2/H
453,Josh Naylor*\naylojo01,24,CLE,AL,14,50,48,3,12,4,0,0,0,0,0,2,11,.250,.280,.333,.613,74,16,0,0,0,0,0,*9/3H
454,Nick Neidert\neideni01,24,MIA,NL,2,3,2,0,0,0,0,0,0,0,0,1,1,.000,.333,.000,.333,3,0,0,0,0,0,0,/1
455,Jimmy Nelson\nelsoji02,32,LAD,NL,5,1,1,0,0,0,0,0,0,0,0,0,1,.000,.000,.000,.000,-100,0,0,0,0,0,0,/1
456,Hector Neris\nerishe01,32,PHI,NL,7,0,0,0,0,0,0,0,0,0,0,0,0,,,,,,0,0,0,0,0,0,/1
457,Sheldon Neuse\neusesh01,26,LAD,NL,1,2,2,0,0,0,0,0,0,0,0,0,2,.000,.000,.000,.000,-100,0,0,0,0,0,0,/4
458,Sean Newcomb*\newcose01,28,ATL,NL,5,0,0,0,0,0,0,0,0,0,0,0,0,,,,,,0,0,0,0,0,0,/1
459,Kevin Newman\newmake01,27,PIT,NL,15,58,56,3,10,2,0,0,2,0,0,2,3,.179,.207,.214,.421,17,12,0,0,0,0,0,*6/H4
460,Tomas Nido\nidoto01,27,NYM,NL,4,6,5,1,1,0,1,0,0,0,0,0,1,.200,.333,.600,.933,156,3,0,1,0,0,0,/2
461,Brandon Nimmo*\nimmobr01,28,NYM,NL,11,47,38,5,17,3,0,0,4,2,0,8,10,.447,.543,.526,1.070,204,20,0,0,1,0,0,*/87
462,John Nogowski\nogowjo01,28,STL,NL,12,13,11,1,1,0,0,0,0,0,0,1,1,.091,.231,.091,.322,-4,1,1,1,0,0,0,*H/3
463,Aaron Nola\nolaaa01,28,PHI,NL,4,8,7,0,0,0,0,0,0,0,0,0,4,.000,.000,.000,.000,-100,0,0,0,1,0,0,/1
464,Dom Nunez*\nunezdo01,26,COL,NL,9,30,28,4,5,0,1,3,6,0,0,2,14,.179,.233,.571,.805,102,16,0,0,0,0,0,/2
465,Renato Nunez\nunezre01,27,DET,AL,7,29,27,5,4,2,0,2,3,0,0,1,8,.148,.207,.444,.651,81,12,1,1,0,0,0,/D3
466,Brian O'Grady*\ogradbr01,29,SDP,NL,1,1,1,0,0,0,0,0,0,0,0,0,0,.000,.000,.000,.000,-100,0,0,0,0,0,0,/H
467,Tyler O'Neill\oneilty01,26,STL,NL,8,29,28,3,4,1,0,1,3,0,1,0,14,.143,.172,.286,.458,27,8,1,1,0,0,0,/7
468,Joseph Odom\odomjo01,29,TBR,AL,2,2,2,0,0,0,0,0,0,0,0,0,1,.000,.000,.000,.000,-100,0,0,0,0,0,0,/2H
469,Rougned Odor*\odorro01,27,NYY,AL,7,26,24,3,3,0,0,1,3,0,0,1,3,.125,.192,.250,.442,29,6,2,1,0,0,0,/4
470,Shohei Ohtani*\ohtansh01,26,LAA,AL,13,54,51,11,17,3,2,4,12,2,1,2,14,.333,.370,.706,1.076,197,36,1,1,0,0,0,*D/1H
471,Matt Olson*\olsonma02,27,OAK,AL,13,54,45,7,13,2,0,3,8,0,0,6,11,.289,.389,.533,.922,172,24,1,2,0,1,0,*3/D
472,Johan Oviedo\oviedjo01,23,STL,NL,1,2,2,0,0,0,0,0,1,0,0,0,1,.000,.000,.000,.000,-100,0,0,0,0,0,0,/1
473,Luis Oviedo\oviedlu01,22,PIT,NL,4,0,0,0,0,0,0,0,0,0,0,0,0,,,,,,0,0,0,0,0,0,/1
474,Chris Owings\owingch01,29,COL,NL,7,17,15,6,8,3,3,0,3,2,0,2,2,.533,.588,1.133,1.722,337,17,0,0,0,0,0,/4H879
475,Marcell Ozuna\ozunama01,30,ATL,NL,16,70,61,5,14,0,0,1,8,0,0,9,22,.230,.329,.279,.607,63,17,0,0,0,0,0,*7
476,Cristian Pache\pachecr01,22,ATL,NL,11,31,30,3,4,2,0,0,0,0,0,1,13,.133,.161,.200,.361,-5,6,0,0,0,0,0,*8/H
477,Chris Paddack\paddach01,25,SDP,NL,2,4,4,0,0,0,0,0,0,0,0,0,1,.000,.000,.000,.000,-100,0,0,0,0,0,0,/1
478,Kevin Padlo\padloke01,24,TBR,AL,3,8,6,0,0,0,0,0,0,0,0,2,5,.000,.250,.000,.250,-17,0,0,0,0,0,0,/5
479,Emilio Pagan*\paganem01,30,SDP,NL,7,0,0,0,0,0,0,0,0,0,0,0,0,,,,,,0,0,0,0,0,0,/1
480,Josh Palacios*\palacjo01,25,TOR,AL,8,30,24,6,7,0,0,0,4,0,0,2,5,.292,.379,.292,.671,97,7,0,2,1,1,0,/97
481,Joe Panik*\panikjo01,30,TOR,AL,10,26,26,1,8,2,0,0,3,0,0,0,3,.308,.308,.385,.692,98,10,0,0,0,0,0,/54HD
482,Mark Payton*\paytoma01,29,CIN,NL,2,2,2,1,1,0,0,0,0,0,0,0,0,.500,.500,.500,1.000,165,1,0,0,0,0,0,/H9
483,Matt Peacock\peacoma01,27,ARI,NL,3,1,1,1,1,0,0,0,0,0,0,0,0,1.000,1.000,1.000,2.000,452,1,0,0,0,0,0,/1
484,Joc Pederson*\pederjo01,29,CHC,NL,15,57,47,5,7,0,1,1,4,0,0,7,17,.149,.281,.255,.536,52,12,0,2,0,1,0,*7/9H
485,David Peralta*\peralda01,33,ARI,NL,15,60,55,6,11,2,2,1,7,0,0,5,10,.200,.267,.364,.630,71,20,2,0,0,0,1,*7/H
486,Freddy Peralta\peralfr01,25,MIL,NL,4,4,3,0,0,0,0,0,0,0,0,1,2,.000,.250,.000,.250,-23,0,0,0,0,0,0,/1
487,Wandy Peralta*\peralwa01,29,SFG,NL,6,0,0,0,0,0,0,0,0,0,0,0,0,,,,,,0,0,0,0,0,0,/1
488,Angel Perdomo*\perdoan01,27,MIL,NL,3,0,0,0,0,0,0,0,0,0,0,0,0,,,,,,0,0,0,0,0,0,/1
489,Geraldo Perdomo#\perdoge01,21,ARI,NL,4,13,10,1,1,0,0,0,0,0,0,3,2,.100,.308,.100,.408,19,1,0,0,0,0,1,/6
490,Cionel Pérez\perezci01,25,CIN,NL,7,1,1,0,0,0,0,0,0,0,0,0,0,.000,.000,.000,.000,-100,0,0,0,0,0,0,/1
491,Hernan Perez\perezhe01,30,WSN,NL,7,15,13,1,1,0,0,0,0,0,0,2,8,.077,.200,.077,.277,-19,1,0,0,0,0,0,/43H71
492,Michael Perez*\perezmi03,28,PIT,NL,6,19,16,1,1,0,0,0,0,0,0,2,8,.063,.211,.063,.273,-19,1,0,1,0,0,0,/2H
493,Oliver Perez*\perezol01,39,CLE,AL,2,0,0,0,0,0,0,0,0,0,0,0,0,,,,,,0,0,0,0,0,0,/1
494,Roberto Perez\perezro02,32,CLE,AL,11,40,31,6,6,0,0,3,8,0,0,8,13,.194,.375,.484,.859,142,15,1,1,0,0,0,*2
495,Salvador Perez\perezsa02,31,KCR,AL,14,59,55,10,16,3,0,5,11,0,0,3,17,.291,.339,.618,.957,165,34,1,1,0,0,0,*2/D
496,David Peterson*\peterda01,25,NYM,NL,2,4,3,0,0,0,0,0,0,0,0,0,2,.000,.000,.000,.000,-100,0,0,0,1,0,0,/1
497,Jace Peterson*\peterja01,31,MIL,NL,7,19,16,1,2,0,0,0,1,0,0,3,6,.125,.263,.125,.388,12,2,0,0,0,0,0,/4H
498,Yusmeiro Petit\petityu01,36,OAK,AL,2,0,0,0,0,0,0,0,0,0,0,0,0,,,,,,0,0,0,0,0,0,/1
499,Tommy Pham\phamth01,33,SDP,NL,16,62,50,3,7,1,0,0,4,2,0,9,11,.140,.290,.160,.450,34,8,2,2,0,1,0,*/87H
500,Brett Phillips*\phillbr02,27,TBR,AL,9,23,19,1,2,2,0,0,1,1,1,3,8,.105,.217,.211,.428,29,4,0,0,0,1,0,/87H9
501,Kevin Pillar\pillake01,32,NYM,NL,8,16,14,3,2,0,0,0,0,1,0,1,1,.143,.250,.143,.393,15,2,1,1,0,0,0,/H89
502,Manny Pina\pinama01,34,MIL,NL,6,19,16,2,3,1,0,1,3,0,0,2,3,.188,.263,.438,.701,88,7,0,0,0,1,0,/2
503,Chad Pinder\pindech01,29,OAK,AL,4,10,10,1,3,0,0,1,2,0,0,0,5,.300,.300,.600,.900,160,6,0,0,0,0,0,/97H
504,Michael Pineda\pinedmi01,32,MIN,AL,1,2,2,0,0,0,0,0,0,0,0,0,1,.000,.000,.000,.000,-100,0,1,0,0,0,0,/1
505,Stephen Piscotty\piscost01,30,OAK,AL,11,36,32,5,8,3,0,2,4,0,0,3,11,.250,.333,.531,.865,153,17,0,1,0,0,0,/9HD
506,Kevin Plawecki\plaweke01,30,BOS,AL,6,21,19,3,5,1,0,0,0,0,0,0,2,.263,.300,.316,.616,76,6,1,1,1,0,0,/2
507,Gregory Polanco*\polangr01,29,PIT,NL,13,52,44,7,8,1,0,2,3,1,0,8,16,.182,.308,.341,.649,80,15,1,0,0,0,0,*9/H
508,Jorge Polanco#\polanjo01,27,MIN,AL,14,61,54,6,9,3,0,0,6,1,1,4,11,.167,.246,.222,.468,39,12,0,2,0,1,0,*4/6
509,AJ Pollock\polloaj01,33,LAD,NL,14,46,43,5,10,2,0,0,4,0,0,3,14,.233,.283,.279,.562,59,12,1,0,0,0,0,*7/8H
510,Drew Pomeranz\pomerdr01,32,SDP,NL,4,0,0,0,0,0,0,0,0,0,0,0,0,,,,,,0,0,0,0,0,0,/1
511,Daniel Ponce de Leon\ponceda01,29,STL,NL,3,2,2,0,0,0,0,0,0,0,0,0,2,.000,.000,.000,.000,-100,0,0,0,0,0,0,/1
512,Zach Pop\popza01,24,MIA,NL,5,0,0,0,0,0,0,0,0,0,0,0,0,,,,,,0,0,0,0,0,0,/1
513,Sean Poppen\poppese01,27,PIT,NL,1,0,0,0,0,0,0,0,0,0,0,0,0,,,,,,0,0,0,0,0,0,/1
514,Buster Posey\poseybu01,34,SFG,NL,10,38,34,5,9,0,0,2,2,0,0,3,8,.265,.342,.441,.783,121,15,3,1,0,0,0,*2
515,David Price*\priceda01,35,LAD,NL,4,1,0,0,0,0,0,0,1,0,0,0,0,,.000,,,,0,0,0,0,1,0,/1
516,Jurickson Profar#\profaju01,28,SDP,NL,17,68,53,8,14,2,1,0,5,3,0,11,7,.264,.379,.340,.718,108,18,4,0,1,2,1,*/7349
517,Albert Pujols\pujolal01,41,LAA,AL,10,38,35,3,8,0,0,1,4,0,0,2,4,.229,.289,.314,.604,72,11,0,1,0,0,1,/3DH
518,Cal Quantrill*\quantca01,26,CLE,AL,1,0,0,0,0,0,0,0,0,0,0,0,0,,,,,,0,0,0,0,0,0,/1
519,Roman Quinn#\quinnro01,28,PHI,NL,14,29,23,3,1,0,0,0,0,2,1,3,10,.043,.241,.043,.285,-14,1,0,3,0,0,0,*8/H
520,Tanner Rainey\raineta01,28,WSN,NL,5,0,0,0,0,0,0,0,0,0,0,0,0,,,,,,0,0,0,0,0,0,/1
521,Luke Raley*\raleylu01,26,LAD,NL,7,16,15,1,4,1,0,1,2,0,0,1,3,.267,.313,.533,.846,132,8,0,0,0,0,0,/79
522,Jose Ramirez#\ramirjo01,28,CLE,AL,15,63,56,6,13,1,0,4,8,3,0,6,8,.232,.302,.464,.766,114,26,2,0,0,1,1,*5
523,Wilson Ramos\ramoswi01,33,DET,AL,14,57,51,7,12,1,0,6,8,0,0,4,15,.235,.291,.608,.899,150,31,1,0,0,0,0,*2/D
524,Drew Rasmussen\rasmudr01,25,MIL,NL,6,0,0,0,0,0,0,0,0,0,0,0,0,,,,,,0,0,0,0,0,0,/1
525,J.T. Realmuto\realmjt01,30,PHI,NL,15,53,46,5,14,4,0,2,9,1,0,4,14,.304,.396,.522,.918,153,24,0,3,0,0,1,*2/H
526,Anthony Rendon\rendoan01,31,LAA,AL,8,37,31,5,9,0,0,1,3,0,0,5,7,.290,.378,.387,.765,119,12,2,0,0,1,0,/5
527,Hunter Renfroe\renfrhu01,29,BOS,AL,10,38,34,7,6,1,0,1,4,0,1,3,10,.176,.237,.294,.531,50,10,1,0,0,1,0,*9/8
528,Luis Rengifo#\rengilu01,24,LAA,AL,1,4,4,1,1,0,0,0,0,0,0,0,0,.250,.250,.250,.500,43,1,0,0,0,0,0,/5
529,Alex Reyes\reyesal02,26,STL,NL,6,0,0,0,0,0,0,0,0,0,0,0,0,,,,,,0,0,0,0,0,0,/1
530,Franmil Reyes\reyesfr01,25,CLE,AL,14,55,51,7,12,3,0,4,8,0,0,2,17,.235,.273,.529,.802,121,27,3,1,0,1,0,*D/9
531,Victor Reyes#\reyesvi01,26,DET,AL,9,29,28,2,4,1,0,1,1,0,0,1,10,.143,.172,.286,.458,29,8,0,0,0,0,0,/89
532,Bryan Reynolds#\reynobr01,26,PIT,NL,16,68,60,11,19,4,0,2,7,0,1,7,16,.317,.397,.483,.880,142,29,1,1,0,0,0,*7/8H
533,JT Riddle*\riddljt01,29,MIN,AL,3,6,6,1,2,0,0,0,0,0,0,0,0,.333,.333,.333,.667,97,2,0,0,0,0,0,/6
534,Austin Riley\rileyau01,24,ATL,NL,16,56,47,6,10,0,0,0,1,0,0,4,13,.213,.321,.213,.534,46,10,1,4,0,1,1,*5/H
535,Edwin Rios*\riosed01,27,LAD,NL,12,31,26,3,4,0,0,1,1,0,0,4,8,.154,.290,.269,.560,59,7,1,1,0,0,0,/H35D9
536,Anthony Rizzo*\rizzoan01,31,CHC,NL,15,61,52,7,13,2,1,3,4,2,0,8,9,.250,.344,.500,.844,133,26,1,0,0,1,0,*3
537,Luis Robert\roberlu01,23,CHW,AL,16,69,63,6,18,6,1,1,5,2,0,5,16,.286,.333,.460,.794,127,29,0,0,0,1,0,*8
538,Daniel Robertson\roberda10,27,MIL,NL,13,28,27,2,3,1,0,0,0,0,0,1,9,.111,.143,.148,.291,-20,4,1,0,0,0,0,/45H6
539,Hansel Robles\robleha01,30,MIN,AL,2,0,0,0,0,0,0,0,0,0,0,0,0,,,,,,0,0,0,0,0,0,/1
540,Victor Robles\roblevi01,24,WSN,NL,13,49,40,4,9,0,1,0,0,1,1,6,12,.225,.367,.275,.642,83,11,0,3,0,0,0,*8/H
541,Richard Rodriguez\rodriri05,31,PIT,NL,6,0,0,0,0,0,0,0,0,0,0,0,0,,,,,,0,0,0,0,0,0,/1
542,Chaz Roe\roech01,34,TBR,AL,1,0,0,0,0,0,0,0,0,0,0,0,0,,,,,,0,0,0,0,0,0,/1
543,Taylor Rogers*\rogerta01,30,MIN,AL,2,0,0,0,0,0,0,0,0,0,0,0,0,,,,,,0,0,0,0,0,0,/1
544,Trevor Rogers*\rogertr01,23,MIA,NL,3,5,4,0,0,0,0,0,0,0,0,0,2,.000,.000,.000,.000,-100,0,0,0,1,0,0,/1
545,Tyler Rogers\rogerty01,30,SFG,NL,8,0,0,0,0,0,0,0,0,0,0,0,0,,,,,,0,0,0,0,0,0,*1
546,Jose Rojas*\rojasjo02,28,LAA,AL,7,19,18,1,1,1,0,0,0,0,0,1,6,.056,.105,.111,.216,-38,2,0,0,0,0,0,/5H97
547,Josh Rojas*\rojasjo01,27,ARI,NL,14,42,35,4,4,0,0,1,1,0,0,7,10,.114,.262,.200,.462,29,7,0,0,0,0,0,/6H479
548,Miguel Rojas\rojasmi02,32,MIA,NL,14,57,51,6,14,5,0,0,5,3,1,5,4,.275,.351,.373,.723,101,19,1,1,0,0,0,*6/H
549,Sal Romano*\romansa01,27,CIN,NL,7,1,1,0,0,0,0,0,0,0,0,0,0,.000,.000,.000,.000,-100,0,0,0,0,0,0,/1
550,JoJo Romero*\romerjo01,24,PHI,NL,3,0,0,0,0,0,0,0,0,0,0,0,0,,,,,,0,0,0,0,0,0,/1
551,Austin Romine\rominau01,32,CHC,NL,2,4,4,0,0,0,0,0,0,0,0,0,1,.000,.000,.000,.000,-100,0,0,0,0,0,0,/2
552,Sergio Romo\romose01,38,OAK,AL,1,0,0,0,0,0,0,0,0,0,0,0,0,,,,,,0,0,0,0,0,0,/1
553,Brent Rooker\rookebr01,26,MIN,AL,3,11,11,0,1,0,0,0,1,0,0,0,6,.091,.091,.091,.182,-46,1,0,0,0,0,0,/7H
554,Amed Rosario\rosaram01,25,CLE,AL,14,44,40,6,8,1,0,1,2,0,0,4,8,.200,.273,.300,.573,63,12,2,0,0,0,0,/86H
555,Eddie Rosario*\rosared01,29,CLE,AL,15,59,53,7,13,2,1,2,8,4,0,5,9,.245,.305,.434,.739,107,23,1,0,0,1,0,*7
556,Joe Ross\rossjo01,28,WSN,NL,2,5,5,1,1,0,0,0,0,0,0,0,4,.200,.200,.200,.400,12,1,0,0,0,0,0,/1
557,Darin Ruf\rufda01,34,SFG,NL,11,21,19,3,3,0,0,2,3,1,0,2,5,.158,.238,.474,.712,96,9,2,0,0,0,0,/H73D
558,Rio Ruiz*\ruizri01,27,BAL,AL,14,50,45,6,6,0,0,2,3,1,0,5,17,.133,.220,.267,.487,40,12,1,0,0,0,0,*4/5HD
559,Aaron Sanchez\sanchaa01,28,SFG,NL,3,4,4,0,0,0,0,0,0,0,0,0,3,.000,.000,.000,.000,-100,0,0,0,0,0,0,/1
560,Gary Sanchez\sanchga02,28,NYY,AL,12,45,38,6,9,1,0,2,4,0,0,6,9,.237,.356,.421,.777,128,16,0,1,0,0,0,*2/D
561,Pablo Sandoval#\sandopa01,34,ATL,NL,13,13,10,4,3,0,0,3,7,0,0,3,4,.300,.462,1.200,1.662,320,12,0,0,0,0,0,*H/35
562,Miguel Sano\sanomi01,28,MIN,AL,14,56,43,6,5,0,0,2,4,0,0,13,19,.116,.321,.256,.577,73,11,1,0,0,0,0,*3/5DH
563,Carlos Santana#\santaca01,35,KCR,AL,14,59,48,6,10,2,0,2,9,0,0,10,11,.208,.339,.375,.714,103,18,0,0,0,1,0,*3
564,Dennis Santana\santade01,25,LAD,NL,4,0,0,0,0,0,0,0,0,0,0,0,0,,,,,,0,0,0,0,0,0,/1
565,Anthony Santander#\santaan02,26,BAL,AL,15,61,55,5,10,1,0,2,8,0,0,2,17,.182,.217,.309,.526,49,17,0,1,1,2,0,*9/D
566,Max Scherzer\scherma01,36,WSN,NL,3,6,5,0,0,0,0,0,0,0,0,0,2,.000,.000,.000,.000,-100,0,0,0,1,0,0,/1
567,Jonathan Schoop\schoojo01,29,DET,AL,14,54,49,6,8,0,0,0,2,0,0,3,18,.163,.204,.163,.367,8,8,1,0,0,2,0,/34
568,Max Schrock*\schroma01,26,CIN,NL,3,7,7,0,1,0,0,0,0,0,0,0,3,.143,.143,.143,.286,-24,1,0,0,0,0,0,/5H4
569,Kyle Schwarber*\schwaky01,28,WSN,NL,7,31,30,3,8,3,0,1,2,0,0,1,8,.267,.290,.467,.757,106,14,0,0,0,0,0,/7
570,Corey Seager*\seageco01,27,LAD,NL,15,69,59,10,17,6,0,2,10,0,0,10,12,.288,.391,.492,.883,146,29,1,0,0,0,1,*6
571,Kyle Seager*\seageky01,33,SEA,AL,16,66,59,4,15,4,0,2,12,1,0,5,14,.254,.318,.424,.742,118,25,0,1,0,1,0,*5
572,Jean Segura\segurje01,31,PHI,NL,15,58,54,7,19,3,0,1,5,1,0,3,10,.352,.379,.463,.842,133,25,4,0,0,1,1,*4
573,Marcus Semien\semiema01,30,TOR,AL,16,73,66,7,12,0,0,4,7,2,0,6,19,.182,.247,.364,.610,73,24,0,0,0,1,0,*4/6D
574,Antonio Senzatela\senzaan01,26,COL,NL,4,6,5,0,0,0,0,0,0,0,0,0,3,.000,.000,.000,.000,-100,0,0,0,1,0,0,/1
575,Nick Senzel\senzeni01,26,CIN,NL,15,42,37,10,8,2,0,0,2,1,1,5,8,.216,.310,.270,.580,55,10,0,0,0,0,0,*8/H5
576,Pedro Severino\severpe01,27,BAL,AL,12,42,40,3,9,1,0,1,1,0,0,2,12,.225,.262,.325,.587,68,13,0,0,0,0,0,*2/H
577,Bryan Shaw#\shawbr01,33,CLE,AL,1,0,0,0,0,0,0,0,0,0,0,0,0,,,,,,0,0,0,0,0,0,/1
578,Travis Shaw*\shawtr01,31,MIL,NL,14,54,50,5,13,2,0,3,13,0,0,3,15,.260,.315,.480,.795,114,24,1,1,0,0,0,*5/3H
579,Jordan Sheffield\sheffjo01,26,COL,NL,4,0,0,0,0,0,0,0,0,0,0,0,0,,,,,,0,0,0,0,0,0,/1
580,Ryan Sherriff*\sherrry01,31,TBR,AL,1,0,0,0,0,0,0,0,0,0,0,0,0,,,,,,0,0,0,0,0,0,/1
581,Magneuris Sierra*\sierrma01,25,MIA,NL,11,7,7,3,1,0,0,0,0,1,0,0,2,.143,.143,.143,.286,-20,1,0,0,0,0,0,/H79
582,Andrelton Simmons\simmoan01,31,MIN,AL,10,38,31,6,11,3,0,0,3,0,0,6,6,.355,.474,.452,.925,175,14,3,1,0,0,0,*6/H
583,Lucas Sims\simslu01,27,CIN,NL,6,0,0,0,0,0,0,0,0,0,0,0,0,,,,,,0,0,0,0,0,0,/1
584,Chance Sisco*\siscoch01,26,BAL,AL,7,20,20,1,3,0,0,0,1,0,0,0,10,.150,.150,.150,.300,-13,3,0,0,0,0,0,/2DH
585,Austin Slater\slateau01,28,SFG,NL,13,49,42,4,9,1,1,2,6,1,0,7,17,.214,.327,.429,.755,113,18,0,0,0,0,0,*8/7H9
586,Aaron Slegers\slegeaa01,28,LAA,AL,1,0,0,0,0,0,0,0,0,0,0,0,0,,,,,,0,0,0,0,0,0,/1
587,Caleb Smith\smithca03,29,ARI,NL,5,1,1,0,0,0,0,0,0,0,0,0,1,.000,.000,.000,.000,-100,0,0,0,0,0,0,/1
588,Dominic Smith*\smithdo02,26,NYM,NL,10,38,35,2,8,1,0,2,6,0,0,2,13,.229,.263,.429,.692,91,15,0,0,0,1,0,/7H
589,Pavin Smith*\smithpa04,25,ARI,NL,13,40,38,4,9,3,0,1,5,0,0,2,7,.237,.275,.395,.670,81,15,2,0,0,0,0,*/9H387
590,Riley Smith\smithri01,26,ARI,NL,2,5,5,0,0,0,0,0,0,0,0,0,3,.000,.000,.000,.000,-100,0,0,0,0,0,0,/1
591,Will Smith\smithwi04,31,ATL,NL,8,0,0,0,0,0,0,0,0,0,0,0,0,,,,,,0,0,0,0,0,0,/1
592,Will Smith\smithwi05,26,LAD,NL,11,46,34,9,8,3,0,2,4,0,0,9,7,.235,.413,.500,.913,155,17,3,2,0,1,1,*2
593,Drew Smyly*\smylydr01,32,ATL,NL,2,4,3,0,0,0,0,0,0,0,0,0,3,.000,.000,.000,.000,-100,0,0,0,1,0,0,/1
594,Blake Snell*\snellbl01,28,SDP,NL,4,3,3,0,1,0,0,0,0,0,0,0,2,.333,.333,.333,.667,92,1,0,0,0,0,0,/1
595,Eric Sogard*\sogarer01,35,CHC,NL,14,27,26,1,3,1,1,0,2,0,0,0,5,.115,.111,.231,.342,-7,6,0,0,0,1,0,/4H56
596,Nick Solak\solakni01,26,TEX,AL,16,66,58,10,17,1,0,3,8,2,1,3,19,.293,.379,.466,.844,140,27,2,5,0,0,0,*4/D
597,Donovan Solano\solando01,33,SFG,NL,14,49,45,5,14,3,0,0,3,1,0,2,11,.311,.347,.378,.725,106,17,1,1,0,1,0,*4/H
598,Jorge Soler\solerjo01,29,KCR,AL,14,54,42,4,7,2,0,1,4,0,0,8,20,.167,.327,.286,.613,77,12,0,2,0,0,0,*D/9
599,Joakim Soria\soriajo01,37,ARI,NL,1,0,0,0,0,0,0,0,0,0,0,0,0,,,,,,0,0,0,0,0,0,/1
600,Edmundo Sosa\sosaed01,25,STL,NL,5,7,5,0,1,0,0,0,0,0,0,0,1,.200,.429,.200,.629,86,1,1,2,0,0,0,/5H64
601,Gregory Soto*\sotogr01,26,DET,AL,1,0,0,0,0,0,0,0,0,0,0,0,0,,,,,,0,0,0,0,0,0,/1
602,Juan Soto*\sotoju01,22,WSN,NL,13,56,46,10,14,1,0,2,8,1,2,9,7,.304,.411,.457,.867,141,21,1,0,0,1,2,*9
603,Jeffrey Springs*\sprinje01,28,TBR,AL,1,0,0,0,0,0,0,0,0,0,0,0,0,,,,,,0,0,0,0,0,0,/1
604,Jacob Stallings\stallja01,31,PIT,NL,13,50,41,4,10,4,0,0,7,0,0,9,11,.244,.380,.341,.721,102,14,0,0,0,0,0,*2/H
605,Craig Stammen\stammcr01,37,SDP,NL,5,2,2,0,1,0,0,0,0,0,0,0,1,.500,.500,.500,1.000,187,1,0,0,0,0,0,/1
606,Giancarlo Stanton\stantmi03,31,NYY,AL,13,55,51,5,9,1,0,3,12,0,0,4,18,.176,.236,.373,.609,76,19,2,0,0,0,0,*D
607,Cody Stashak\stashco01,27,MIN,AL,2,0,0,0,0,0,0,0,0,0,0,0,0,,,,,,0,0,0,0,0,0,/1
608,Max Stassi\stassma01,30,LAA,AL,7,19,16,3,6,0,0,1,1,0,0,3,3,.375,.474,.563,1.036,194,9,1,0,0,0,0,/2
609,Justin Steele*\steelju01,25,CHC,NL,3,0,0,0,0,0,0,0,0,0,0,0,0,,,,,,0,0,0,0,0,0,/1
610,Trevor Stephan\stephtr01,25,CLE,AL,1,0,0,0,0,0,0,0,0,0,0,0,0,,,,,,0,0,0,0,0,0,/1
611,Robert Stephenson\stephro01,28,COL,NL,7,0,0,0,0,0,0,0,0,0,0,0,0,,,,,,0,0,0,0,0,0,/1
612,Tyler Stephenson\stephty01,24,CIN,NL,9,25,22,5,8,0,0,1,5,0,0,2,6,.364,.440,.500,.940,148,11,2,1,0,0,0,/2H
613,Andrew Stevenson*\stevean01,27,WSN,NL,12,27,25,4,6,1,0,1,4,0,0,1,7,.240,.259,.400,.659,80,10,1,0,0,1,0,/H789
614,DJ Stewart*\stewadj01,27,BAL,AL,9,33,28,5,7,1,0,1,4,0,0,5,8,.250,.364,.393,.756,118,11,0,0,0,0,0,/7DH
615,Trevor Story\storytr01,28,COL,NL,16,63,59,5,16,4,1,0,5,1,2,3,12,.271,.302,.373,.674,75,22,0,0,0,1,1,*6/H
616,Stephen Strasburg\strasst01,32,WSN,NL,2,3,3,0,1,1,0,0,0,0,0,0,0,.333,.333,.667,1.000,169,2,0,0,0,0,0,/1
617,Chris Stratton\stratch01,30,PIT,NL,8,0,0,0,0,0,0,0,0,0,0,0,0,,,,,,0,0,0,0,0,0,/1
618,Myles Straw\strawmy01,26,HOU,AL,15,57,51,4,11,0,0,0,5,3,1,5,8,.216,.281,.216,.496,45,11,2,0,0,1,0,*8
619,Marcus Stroman\stromma01,30,NYM,NL,3,8,7,0,0,0,0,0,0,0,0,1,3,.000,.125,.000,.125,-61,0,0,0,0,0,0,/1
620,Pedro Strop\stroppe01,36,CHC,NL,2,0,0,0,0,0,0,0,0,0,0,0,0,,,,,,0,0,0,0,0,0,/1
621,Garrett Stubbs*\stubbga01,28,HOU,AL,1,0,0,0,0,0,0,0,0,0,0,0,0,,,,,,0,0,0,0,0,0,/H
622,Eugenio Suarez\suareeu01,29,CIN,NL,14,63,52,11,9,4,0,2,5,0,0,9,22,.173,.302,.365,.667,75,19,1,1,0,1,0,*6
623,Wander Suero\suerowa01,29,WSN,NL,8,0,0,0,0,0,0,0,0,0,0,0,0,,,,,,0,0,0,0,0,0,/1
624,Brent Suter*\suterbr01,31,MIL,NL,6,2,2,0,0,0,0,0,0,0,0,0,2,.000,.000,.000,.000,-100,0,0,0,0,0,0,/1
625,Kurt Suzuki\suzukku01,37,LAA,AL,7,25,20,1,4,1,0,0,1,0,0,3,9,.200,.292,.250,.542,56,5,3,0,1,1,0,/2H
626,Dansby Swanson\swansda01,27,ATL,NL,16,67,59,3,12,4,0,1,4,0,1,6,19,.203,.299,.322,.621,65,19,2,2,0,0,0,*6
627,Anthony Swarzak\swarzan01,35,ARI,NL,6,0,0,0,0,0,0,0,0,0,0,0,0,,,,,,0,0,0,0,0,0,/1
628,Raimel Tapia*\tapiara01,27,COL,NL,15,57,54,3,14,0,0,2,5,1,1,3,7,.259,.298,.370,.669,74,20,0,0,0,0,0,*7/H
629,Fernando Tatis Jr.\tatisfe02,22,SDP,NL,8,35,31,6,4,0,0,2,2,0,1,4,13,.129,.229,.323,.551,55,10,0,0,0,0,0,/6
630,Mike Tauchman*\tauchmi01,30,NYY,AL,6,8,7,1,1,0,0,0,0,2,0,0,3,.143,.143,.143,.286,-15,1,0,0,1,0,0,/H78D
631,Leody Taveras#\taverle01,22,TEX,AL,13,43,41,1,4,0,0,0,1,2,0,1,19,.098,.140,.098,.237,-30,4,1,1,0,0,0,*8/H
632,Chris Taylor\tayloch03,30,LAD,NL,14,59,49,12,12,3,0,3,9,0,0,8,18,.245,.373,.490,.863,140,24,0,2,0,0,0,*8/4796
633,Michael A. Taylor\taylomi02,30,KCR,AL,14,50,46,6,12,1,0,2,6,2,0,4,12,.261,.320,.413,.733,107,19,1,0,0,0,0,*8
634,Tyrone Taylor\tayloty01,27,MIL,NL,3,5,4,0,1,1,0,0,1,0,0,1,2,.250,.400,.500,.900,145,2,0,0,0,0,0,/7H
635,Anderson Tejeda#\tejedan01,23,TEX,AL,5,17,16,1,1,0,0,0,0,1,0,1,10,.063,.118,.063,.180,-46,1,0,0,0,0,0,/54
636,Rowdy Tellez*\tellero01,26,TOR,AL,13,46,44,3,8,0,0,1,2,0,0,1,11,.182,.217,.250,.467,34,11,0,1,0,0,0,/D3H
637,Ryan Tepera\teperry01,33,CHC,NL,7,0,0,0,0,0,0,0,0,0,0,0,0,,,,,,0,0,0,0,0,0,/1
638,Lane Thomas\thomala02,25,STL,NL,4,10,9,0,2,0,0,0,0,0,0,1,3,.222,.300,.222,.522,51,2,0,0,0,0,0,/8H
639,Ryan Thompson\thompry02,29,TBR,AL,2,0,0,0,0,0,0,0,0,0,0,0,0,,,,,,0,0,0,0,0,0,/1
640,Ka'ai Tom*\tomka01,27,OAK,AL,9,16,16,1,1,0,0,0,1,0,0,0,6,.063,.063,.063,.125,-62,1,0,0,0,0,0,/H9D71
641,Josh Tomlin\tomlijo01,36,ATL,NL,7,0,0,0,0,0,0,0,0,0,0,0,0,,,,,,0,0,0,0,0,0,/1
642,Abraham Toro#\toroab01,24,HOU,AL,3,9,8,0,1,0,0,0,0,0,0,1,0,.125,.222,.125,.347,3,1,1,0,0,0,0,/5H
643,Luis Torrens\torrelu01,25,SEA,AL,13,41,39,2,9,2,0,0,1,0,0,2,10,.231,.268,.282,.550,64,11,2,0,0,0,0,/2DH
644,Gleyber Torres\torregl01,24,NYY,AL,14,60,51,4,10,2,0,0,1,1,0,9,15,.196,.317,.235,.552,66,12,1,0,0,0,0,*6
645,Ronald Torreyes\torrero01,28,PHI,NL,3,5,5,0,1,0,0,0,0,0,0,0,3,.200,.200,.200,.400,12,1,0,0,0,0,0,/64H
646,Taylor Trammell*\trammta01,23,SEA,AL,14,54,46,7,7,1,0,2,7,1,2,8,23,.152,.278,.304,.582,73,14,0,0,0,0,0,*8
647,Blake Treinen\treinbl01,33,LAD,NL,6,0,0,0,0,0,0,0,0,0,0,0,0,,,,,,0,0,0,0,0,0,/1
648,Alan Trejo\trejoal01,25,COL,NL,5,8,7,0,1,0,0,0,0,0,0,1,1,.143,.250,.143,.393,7,1,1,0,0,0,1,/H6
649,Jose Trevino\trevijo01,28,TEX,AL,11,45,44,4,15,2,0,0,0,0,0,1,10,.341,.356,.386,.742,112,17,2,0,0,0,0,*2
650,Lou Trivino\trivilo01,29,OAK,AL,2,0,0,0,0,0,0,0,0,0,0,0,0,,,,,,0,0,0,0,0,0,/1
651,Mike Trout\troutmi01,29,LAA,AL,13,57,44,12,17,4,0,4,10,0,0,13,16,.386,.526,.750,1.276,258,33,0,0,0,0,3,*8
652,Yoshi Tsutsugo*\tsutsyo01,29,TBR,AL,13,47,43,3,7,2,0,0,2,0,0,3,18,.163,.217,.209,.427,28,9,0,0,1,0,0,/3DH
653,Kyle Tucker*\tuckeky01,24,HOU,AL,15,63,57,7,11,3,0,4,11,0,0,2,10,.193,.226,.456,.682,89,26,2,1,0,2,0,*9
654,Justin Turner\turneju01,36,LAD,NL,14,64,57,13,23,6,0,5,16,0,0,5,13,.404,.453,.772,1.225,235,44,1,1,0,1,0,*5/D
655,Trea Turner\turnetr01,28,WSN,NL,13,56,52,7,16,3,0,4,7,3,0,3,12,.308,.357,.596,.953,159,31,1,1,0,0,0,*6
656,Duane Underwood Jr.\underdu01,26,PIT,NL,6,0,0,0,0,0,0,0,0,0,0,0,0,,,,,,0,0,0,0,0,0,/1
657,Justin Upton\uptonju01,33,LAA,AL,11,46,40,7,9,2,0,2,9,0,0,4,13,.225,.304,.425,.729,105,17,2,1,0,1,0,*7
658,Julio Urias*\uriasju01,24,LAD,NL,3,7,6,1,1,0,0,0,0,0,0,0,2,.167,.167,.167,.333,-6,1,0,0,1,0,0,/1
659,Luis Urias\uriaslu01,24,MIL,NL,14,51,39,4,6,3,0,1,7,1,0,12,13,.154,.353,.308,.661,84,12,1,0,0,0,2,*6/H
660,Ramon Urias\uriasra01,27,BAL,AL,9,19,18,2,5,1,0,1,3,0,0,1,7,.278,.316,.500,.816,130,9,0,0,0,0,0,/46
661,Gio Urshela\urshegi01,29,NYY,AL,14,55,52,5,13,3,0,1,6,1,0,3,13,.250,.291,.365,.656,92,19,1,0,0,0,0,*5/6
662,Pat Valaika\valaipa01,28,BAL,AL,4,10,9,1,1,0,0,0,0,0,0,1,2,.111,.200,.111,.311,-7,1,0,0,0,0,0,/4H37
663,Josh VanMeter*\vanmejo01,26,ARI,NL,15,30,27,2,6,1,1,0,1,0,0,3,8,.222,.300,.333,.633,74,9,1,0,0,0,0,/H49
664,Ildemaro Vargas#\vargail01,29,CHC,NL,2,2,2,0,0,0,0,0,0,0,0,0,0,.000,.000,.000,.000,-100,0,0,0,0,0,0,/4H
665,Andrew Vaughn\vaughan01,23,CHW,AL,10,35,28,4,5,3,0,0,1,0,0,6,11,.179,.343,.286,.629,85,8,0,1,0,0,0,*7
666,Christian Vazquez\vazquch01,30,BOS,AL,13,50,47,9,13,3,0,2,5,2,0,3,8,.277,.320,.468,.788,121,22,4,0,0,0,0,*2/DH
667,Vince Velasquez\velasvi01,29,PHI,NL,3,1,1,0,0,0,0,0,0,0,0,0,1,.000,.000,.000,.000,-100,0,0,0,0,0,0,/1
668,Alex Verdugo*\verdual01,25,BOS,AL,15,65,57,12,15,5,0,2,12,0,0,4,9,.263,.323,.456,.779,119,26,1,2,0,2,1,*/879
669,Jonathan Villar#\villajo01,30,NYM,NL,10,23,23,3,6,3,1,0,3,0,0,0,9,.261,.261,.478,.739,102,11,0,0,0,0,0,/5H4
670,Daniel Vogelbach*\vogelda01,28,MIL,NL,14,27,24,6,4,0,0,2,4,0,0,3,7,.167,.259,.417,.676,82,10,0,0,0,0,0,/H3
671,Stephen Vogt*\vogtst01,36,ARI,NL,9,28,26,4,4,0,0,2,6,0,0,2,6,.154,.214,.385,.599,60,10,0,0,0,0,0,/2H
672,Austin Voth\vothau01,29,WSN,NL,4,0,0,0,0,0,0,0,0,0,0,0,0,,,,,,0,0,0,0,0,0,/1
673,Joey Votto*\vottojo01,37,CIN,NL,15,64,60,6,16,3,0,3,10,0,0,4,9,.267,.313,.467,.779,102,28,0,0,0,0,0,*3
674,LaMonte Wade Jr*\wadela01,27,SFG,NL,3,7,6,0,2,1,0,0,0,0,0,1,2,.333,.429,.500,.929,163,3,0,0,0,0,0,/87H9
675,Tyler Wade*\wadety01,26,NYY,AL,6,3,3,2,1,0,0,0,0,0,0,0,1,.333,.333,.333,.667,97,1,0,0,0,0,0,/4HD6
676,Adam Wainwright\wainwad01,39,STL,NL,3,3,3,0,0,0,0,0,0,0,0,0,2,.000,.000,.000,.000,-100,0,0,0,0,0,0,/1
677,Christian Walker\walkech02,30,ARI,NL,10,44,39,6,7,1,0,1,3,0,0,4,10,.179,.250,.282,.532,46,11,1,0,0,1,0,*3
678,Taijuan Walker\walketa01,28,NYM,NL,2,4,4,0,0,0,0,0,0,0,0,0,1,.000,.000,.000,.000,-100,0,1,0,0,0,0,/1
679,Chad Wallach\wallach01,29,MIA,NL,8,26,24,1,4,1,0,0,3,0,0,1,13,.167,.192,.208,.401,11,5,0,0,0,1,0,/2H
680,Jared Walsh*\walshja01,27,LAA,AL,12,47,41,9,14,1,1,4,13,0,0,4,8,.341,.426,.707,1.133,215,29,0,2,0,0,0,/39H
681,Ryan Weathers\weathry01,21,SDP,NL,3,2,2,0,0,0,0,0,0,0,0,0,0,.000,.000,.000,.000,-100,0,0,0,0,0,0,/1
682,Luke Weaver\weavelu01,27,ARI,NL,3,6,6,0,2,0,0,0,1,0,0,0,4,.333,.333,.333,.667,84,2,0,0,0,0,0,/1
683,Jacob Webb\webbja01,27,ATL,NL,4,0,0,0,0,0,0,0,0,0,0,0,0,,,,,,0,0,0,0,0,0,/1
684,Logan Webb\webblo01,24,SFG,NL,2,1,1,0,0,0,0,0,0,0,0,0,1,.000,.000,.000,.000,-100,0,0,0,0,0,0,/1
685,Tyler Webb*\webbty01,30,STL,NL,9,0,0,0,0,0,0,0,0,0,0,0,0,,,,,,0,0,0,0,0,0,/1
686,Jordan Weems*\weemsjo01,28,OAK,AL,1,0,0,0,0,0,0,0,0,0,0,0,0,,,,,,0,0,0,0,0,0,/1
687,J.B. Wendelken\wendejb01,28,OAK,AL,1,0,0,0,0,0,0,0,0,0,0,0,0,,,,,,0,0,0,0,0,0,*1
688,Joey Wendle*\wendljo01,31,TBR,AL,14,52,50,11,17,4,0,3,11,0,0,0,11,.340,.365,.600,.965,182,30,3,2,0,0,0,*5/6H
689,Zack Wheeler*\wheelza01,31,PHI,NL,3,7,7,1,2,1,0,0,2,0,0,0,4,.286,.286,.429,.714,95,3,0,0,0,0,0,/1
690,Eli White\whiteel04,27,TEX,AL,11,40,36,3,6,0,1,0,3,0,2,4,12,.167,.250,.222,.472,37,8,0,0,0,0,0,*/78D9
691,Evan White\whiteev01,25,SEA,AL,13,41,38,5,8,2,0,1,5,0,0,2,11,.211,.268,.342,.610,80,13,0,1,0,0,0,*3
692,Kodi Whitley\whitlko01,26,STL,NL,2,0,0,0,0,0,0,0,0,0,0,0,0,,,,,,0,0,0,0,0,0,/1
693,Taylor Widener*\widenta01,26,ARI,NL,3,6,5,0,0,0,0,0,0,0,0,1,5,.000,.167,.000,.167,-49,0,0,0,0,0,0,/1
694,Brad Wieck*\wieckbr01,29,CHC,NL,1,0,0,0,0,0,0,0,0,0,0,0,0,,,,,,0,0,0,0,0,0,/1
695,Devin Williams\willide03,26,MIL,NL,5,0,0,0,0,0,0,0,0,0,0,0,0,,,,,,0,0,0,0,0,0,/1
696,Justin Williams*\williju02,25,STL,NL,15,41,36,2,7,0,0,1,5,0,0,5,13,.194,.293,.278,.570,63,10,1,0,0,0,3,*/97H
697,Nick Williams*\willini01,27,CHW,AL,4,13,10,2,0,0,0,0,0,0,0,1,4,.000,.231,.000,.231,-25,0,1,2,0,0,0,/7DH
698,Taylor Williams#\willita01,29,SDP,NL,4,0,0,0,0,0,0,0,0,0,0,0,0,,,,,,0,0,0,0,0,0,/1
699,Trevor Williams\willitr01,29,CHC,NL,3,6,6,0,1,0,0,0,0,0,0,0,4,.167,.167,.167,.333,-6,1,0,0,0,0,0,/1
700,Bryse Wilson\wilsobr02,23,ATL,NL,1,4,4,0,0,0,0,0,0,0,0,0,1,.000,.000,.000,.000,-100,0,0,0,0,0,0,/1
701,Cody Wilson\wilsoco01,24,WSN,NL,1,1,1,0,0,0,0,0,0,0,0,0,0,.000,.000,.000,.000,-100,0,0,0,0,0,0,/H
702,Jesse Winker*\winkeje01,27,CIN,NL,10,40,38,8,14,4,0,1,5,0,0,2,8,.368,.400,.553,.953,148,21,0,0,0,0,0,/7H9
703,Dan Winkler\winklda01,31,CHC,NL,7,0,0,0,0,0,0,0,0,0,0,0,0,,,,,,0,0,0,0,0,0,/1
704,Matt Wisler\wislema01,28,SFG,NL,5,0,0,0,0,0,0,0,0,0,0,0,0,,,,,,0,0,0,0,0,0,/1
705,Nick Wittgren\wittgni01,30,CLE,AL,1,0,0,0,0,0,0,0,0,0,0,0,0,,,,,,0,0,0,0,0,0,/1
706,Tony Wolters*\wolteto01,29,CHC,NL,3,5,4,0,0,0,0,0,0,0,0,1,1,.000,.200,.000,.200,-37,0,1,0,0,0,0,/2H
707,Kolten Wong*\wongko01,30,MIL,NL,7,26,19,2,2,0,0,0,0,1,0,5,6,.105,.346,.105,.451,32,2,0,2,0,0,0,/4
708,Alex Wood\woodal02,30,SFG,NL,1,2,2,0,0,0,0,0,0,0,0,0,1,.000,.000,.000,.000,-100,0,0,0,0,0,0,/1
709,Jake Woodford\woodfja01,24,STL,NL,2,1,1,0,0,0,0,0,0,0,0,0,1,.000,.000,.000,.000,-100,0,0,0,0,0,0,/1
710,Brandon Woodruff*\woodrbr01,28,MIL,NL,3,6,5,0,0,0,0,0,0,0,0,0,3,.000,.000,.000,.000,-100,0,0,0,1,0,0,/1
711,Brandon Workman\workmbr01,32,CHC,NL,5,0,0,0,0,0,0,0,0,0,0,0,0,,,,,,0,0,0,0,0,0,/1
712,Kyle Wright\wrighky01,25,ATL,NL,1,2,2,1,1,1,0,0,0,0,0,0,0,.500,.500,1.000,1.500,284,2,0,0,0,0,0,/1
713,Ryan Yarbrough\yarbrry01,29,TBR,AL,1,2,2,0,0,0,0,0,0,0,0,0,0,.000,.000,.000,.000,-100,0,0,0,0,0,0,/1
714,Eric Yardley\yardler01,30,MIL,NL,6,0,0,0,0,0,0,0,0,0,0,0,0,,,,,,0,0,0,0,0,0,/1
715,Mike Yastrzemski*\yastrmi01,30,SFG,NL,15,60,53,5,9,3,1,2,3,1,0,7,19,.170,.267,.377,.644,81,20,1,0,0,0,1,*9/H
716,Christian Yelich*\yelicch01,29,MIL,NL,9,37,30,8,10,1,0,0,1,2,0,6,12,.333,.459,.367,.826,131,11,0,1,0,0,0,/7
717,Huascar Ynoa\ynoahu01,23,ATL,NL,4,5,5,0,0,0,0,0,0,0,0,0,3,.000,.000,.000,.000,-100,0,0,0,0,0,0,/1
718,Alex Young*\youngal01,27,ARI,NL,6,0,0,0,0,0,0,0,0,0,0,0,0,,,,,,0,0,0,0,0,0,/1
719,Andrew Young\youngan02,27,ARI,NL,3,6,3,1,1,0,0,1,4,0,0,1,1,.333,.667,1.333,2.000,431,4,0,2,0,0,0,/H7
720,Ryan Zimmerman\zimmery01,36,WSN,NL,12,34,33,4,10,1,0,2,3,0,0,1,8,.303,.324,.515,.839,128,17,0,0,0,0,0,/3H
721,Mike Zunino\zuninmi01,30,TBR,AL,10,38,34,7,6,2,0,2,6,0,0,3,12,.176,.263,.412,.675,98,14,0,1,0,0,0,*2